correct?,Character,Middle Chinese,Mandarin,Predicted Cantonese,Actual Cantonese
o,求,gjuw1,qiu2,kau4,kau4
o,㼭,dem3,dian4,dim3,dim3
x,蒱,bu1,pu2,pou4,po4
o,鷯,lew1,liao2,liu4,liu4
o,三,sam3,san1,saam3,saam3
o,偋,bjieng3,bing4,bing6,bing6
x,鉸,kæw1,jiao3,gaau2,gaau3
x,髧,dom2,dan4,daam6,dam3
o,蒝,ngjwon1,yuan2,jyun4,jyun4
x,厏,tsræ2,zha3,zaa2,zaa3
o,韖,nyuw2,rou2,jau5,jau5
x,撖,khom1,han4,ham6,haam5
o,諼,xjwon1,xuan1,hyun1,hyun1
o,鼸,hem2,xian4,jim6,jim6
o,忌,gi3,ji4,gei6,gei6
x,犉,nywin1,chun2,jeon4,seon4
o,灃,phjuwng1,feng1,fung1,fung1
o,瞿,gju1,qu2,keoi4,keoi4
o,親,tshin1,qin1,can1,can1
o,𧟌,la3,luo4,lo6,lo6
o,瞋,tshyin1,chen1,can1,can1
o,潿,hjwɨj1,wei2,wai4,wai4
o,飣,teng3,ding4,ding3,ding3
o,緇,tsri1,zi1,zi1,zi1
x,釧,tshywen3,chuan4,coek3,cyun3
o,醺,xjun1,xun1,fan1,fan1
x,朁,dzjem1,can3,cim2,caam2
o,簢,min2,min3,man5,man5
o,舁,yo1,yu2,jyu4,jyu4
o,蘋,bin1,pin2,pan4,pan4
o,惕,thek4,ti4,tik1,tik1
o,懷,hwɛj1,huai2,waai4,waai4
o,垡,bjwot4,fa2,fat6,fat6
o,藘,ljo1,lü2,leoi4,leoi4
o,魚,ngjo1,yu2,jyu4,jyu4
o,胠,khjo1,qu1,keoi1,keoi1
x,沴,lej3,li4,lai6,leoi6
o,嚀,neng1,ning2,ning4,ning4
o,娟,ʔjwen1,juan1,gyun1,gyun1
o,淪,lwin1,lun2,leon4,leon4
x,鄱,bwa1,po2,po4,bo3
o,鸁,lwa1,luo2,lo4,lo4
o,錧,kwan2,guan3,gun2,gun2
x,歋,ye1,ye4,ji6,ji4
o,仄,tsrik4,ze4,zak1,zak1
o,湎,mjen2,mian3,min5,min5
o,銗,huw1,hou2,hau4,hau4
o,惡,ʔu3,wu4,wu3,wu3
x,行,hæng3,heng2,hang4,hang6
o,撘,top4,da1,daap3,daap3
o,搎,swon1,sun1,syun1,syun1
x,伺,si3,ci4,ci3,zi6
o,浚,swin3,jun4,zeon3,zeon3
o,砯,phing1,ping1,ping1,ping1
o,䳢,gi1,qi2,kei4,kei4
o,酸,swan1,suan1,syun1,syun1
o,定,deng3,ding4,ding6,ding6
o,房,bjwang1,fang2,fong4,fong4
o,羱,ngjwon1,yuan2,jyun4,jyun4
x,㒄,nyen2,ran3,jin5,naa4
o,疇,drjuw1,chou2,cau4,cau4
o,幖,pjew1,biao1,biu1,biu1
x,梏,kæwk4,gu4,gaak1,guk1
o,鑰,yak4,yao4,joek6,joek6
o,彩,tshoj2,cai3,coi2,coi2
o,寤,ngu3,wu4,naa6,naa6
x,肴,hæw1,yao2,jaa4,naa4
o,熆,hap4,he2,hap6,hap6
o,囷,khin1,qun1,kaa1,kaa1
x,慨,khoj3,kai3,hoi2,koi2
o,微,mjwɨj1,wei1,mei4,mei4
x,鄙,pij2,bi3,bei2,pei2
o,鈂,drim1,chen2,cam4,cam4
o,彪,pjiw1,biao1,biu1,biu1
o,猣,tsuwng1,zong1,zung1,zung1
o,䀀,phjom3,fan4,faan3,faan3
o,森,srim1,sen1,sam1,sam1
x,馝,bit4,bi4,bat6,bit6
o,遴,lin3,lin2,leon4,leon4
o,梨,lij1,li2,lei4,lei4
o,圊,tshjieng1,qing1,cing1,cing1
o,堠,huw3,hou4,hau6,hau6
o,琥,xu2,hu3,fu2,fu2
x,㹲,xæw1,xiao1,haau1,hau1
o,炎,hjem1,yan2,jim4,jim4
o,晦,xwoj3,hui4,fui3,fui3
o,倡,tshyang1,chang1,coeng1,coeng1
o,樓,luw1,lou2,lau4,lau4
o,拂,phjut4,fu2,fat1,fat1
o,嗉,su3,su4,sou3,sou3
x,殘,dzan1,can2,cyun4,caan4
o,痙,gjieng2,jing4,ging6,ging6
o,鬟,hwæn1,huan2,waan4,waan4
o,依,ʔjɨj1,yi1,ji1,ji1
o,漨,bjowng1,feng2,fung4,fung4
o,榖,kuwk4,gu3,guk1,guk1
o,銀,ngin1,yin2,naa4,naa4
o,捏,net4,nie1,nip6,nip6
o,掀,xjon1,xian1,hin1,hin1
o,省,srjæng2,sheng3,saang2,saang2
o,渽,tsoj1,zai1,zoi1,zoi1
o,榤,gjet4,jie2,git6,git6
x,囋,dzan3,zan4,zaan6,zaan3
o,剈,ʔwen1,yuan1,jyun1,jyun1
o,潠,swon3,xun4,seon3,seon3
o,玻,phwa1,bo1,bo1,bo1
o,衭,pju1,fu1,fu1,fu1
o,莢,kep4,jia2,gaap3,gaap3
o,籜,thak4,tuo4,tok3,tok3
o,憧,tshyowng1,chong1,cung1,cung1
x,嵌,khæm1,qian4,haam3,ham6
o,痟,sjew1,xiao1,siu1,siu1
o,痴,trhi1,chi1,ci1,ci1
o,呈,drjieng1,cheng2,cing4,cing4
x,蟧,lew1,lao2,liu4,lou4
o,踶,dej3,di4,dai6,dai6
o,㳬,zjwen1,xuan2,syun4,syun4
o,搌,trjen2,zhan3,zin2,zin2
o,桎,tsyit4,zhi4,zat6,zat6
o,宵,sjew1,xiao1,siu1,siu1
o,獘,bjej3,bi4,bai6,bai6
o,初,tshrjo1,chu1,co1,co1
o,䰰,nyu1,ru2,jyu4,jyu4
o,山,srɛn1,shan1,saan1,saan1
o,炯,hweng2,jiong3,gaa2,gaa2
o,匋,daw1,tao2,tou4,tou4
o,闐,den1,tian2,tin4,tin4
o,譯,yek4,yi4,jik6,jik6
o,鱐,sjuwk4,su4,suk1,suk1
o,䫗,hæ1,xia2,haa4,haa4
o,猙,tsrɛng1,zheng1,zang1,zang1
o,蜛,kjo1,ju1,geoi1,geoi1
o,陀,da1,tuo2,to4,to4
x,憿,kew1,jiao3,giu2,giu1
o,襦,nyu1,ru2,jyu4,jyu4
o,疑,ngi1,yi2,ji4,ji4
o,妋,pju1,fu1,fu1,fu1
o,溪,khej1,xi1,kai1,kai1
o,達,dat4,da2,daat6,daat6
o,袷,kjæp4,jie2,gip3,gip3
o,伀,tsyowng1,zhong1,zung1,zung1
x,燮,sep4,xie4,sip3,sit3
o,獿,naw1,nao2,naau4,naau4
o,薅,xaw1,hao1,hou1,hou1
x,廿,nyip4,nian4,nim6,jaa6
o,敃,min2,min3,man5,man5
x,絮,sjo3,xu4,seoi3,seoi5
o,范,bjom2,fan4,faan6,faan6
o,鶩,mju3,wu4,mou6,mou6
x,緯,hjwɨj3,wei3,wai5,wai6
x,腡,kwɛɨ1,luo1,laa1,lo4
o,鏐,ljuw1,liu2,lau4,lau4
o,組,tsu2,zu3,zou2,zou2
x,坒,bij3,bi4,bei6,bai6
o,逼,pik4,bi1,bik1,bik1
x,坐,dzwa3,zuo4,zo3,zo6
o,㼧,duwng1,tong2,tung4,tung4
o,澳,ʔjuwk4,yu4,juk1,juk1
o,胭,ʔen1,yan1,jin1,jin1
o,訦,dzyim1,chen2,sam4,sam4
o,磷,lin3,lin4,leon6,leon6
o,單,tan1,dan1,daan1,daan1
x,歄,kwɛɨ1,gua1,waa1,gaa1
o,云,hjun1,yun2,wan4,wan4
o,媒,mwoj1,mei2,mui4,mui4
o,霤,ljuw3,liu4,lau6,lau6
o,咋,tsræ3,zha4,zaa3,zaa3
o,鱤,kom2,gan3,gam2,gam2
x,角,kæwk4,jiao3,gaau3,gok3
o,柖,dzyew1,shao2,siu4,siu4
o,黲,tshom2,can3,caam2,caam2
o,抏,ngwan1,wan2,jyun4,jyun4
x,鵽,twat4,duo4,dyut3,zyut3
o,吝,lin3,lin4,leon6,leon6
x,酩,meng2,ming3,ming5,ming4
o,秧,ʔjang1,yang1,joeng1,joeng1
o,鵃,tsyew1,zhou1,zau1,zau1
o,話,hwæj3,hua4,waa6,waa6
o,跲,kɛp4,jia2,gaap3,gaap3
o,狑,leng1,ling2,ling4,ling4
o,油,yuw3,you4,jau6,jau6
o,君,kjun1,jun1,gaa1,gaa1
o,展,trjen2,zhan3,zin2,zin2
x,轍,drjet4,zhe2,zit6,cit3
x,鄭,drjieng3,zheng4,zing6,zeng6
o,巸,yi1,yi2,ji4,ji4
o,䬰,dzyew3,shao4,siu6,siu6
x,㓢,lak4,luo4,lok6,lok3
o,猖,tshyang1,chang1,coeng1,coeng1
x,㔩,ʔop4,e4,ap1,aap6
x,告,kowk4,gao4,guk3,guk1
o,貁,yuw3,you4,jau6,jau6
o,芸,hjun1,yun2,wan4,wan4
x,劾,khɛj3,he2,hai6,hat6
o,見,ken3,jian4,gin3,gin3
o,通,thuwng1,tong1,tung1,tung1
x,諷,pjuwng3,feng3,fung2,fung3
x,疏,srjo1,shu1,syu1,so1
o,褶,dep4,die2,dip6,dip6
o,懌,yek4,yi4,jik6,jik6
x,嬹,xing3,xing4,hing3,hing1
x,鰶,tsjej3,ji4,zai3,man5
x,遬,suwk4,su4,suk1,cuk1
o,鐘,tsyowng1,zhong1,zung1,zung1
x,痢,lij3,li4,lei6,lei1
o,淨,dzjieng3,jing4,zing6,zing6
o,嶸,hjwæng1,rong2,wing4,wing4
o,醬,tsjang3,jiang4,zoeng3,zoeng3
o,默,mok4,mo4,mak6,mak6
x,速,suwk4,su4,suk1,cuk1
o,琪,gi1,qi2,kei4,kei4
o,懄,gjɨn1,qin2,kan4,kan4
o,勷,nyang1,rang2,joeng4,joeng4
x,嬔,phjwon3,fu4,fu3,faan3
o,庀,phje2,pi3,pei2,pei2
o,衙,ngjo1,yu2,jyu4,jyu4
x,盾,zywin2,dun4,ceon6,teon5
o,蒀,ʔjun1,yun1,wan1,wan1
o,獧,kwen3,juan4,gyun3,gyun3
o,桻,phjowng1,feng1,fung1,fung1
x,抓,tsræw1,zhua1,zaa1,zaau2
x,腔,khæwng1,qiang1,hoeng1,hong1
x,撣,dan1,dan3,daan5,daan6
o,暲,tsyang1,zhang1,zoeng1,zoeng1
o,酮,duwng1,tong2,tung4,tung4
x,篻,mjew1,piao3,miu5,piu3
o,粢,tsij1,zi1,zi1,zi1
o,蜾,kwa2,guo3,gaa2,gaa2
x,埢,kjwen2,juan3,gyun2,gyun3
o,鷞,srjang1,shuang1,soeng1,soeng1
x,陫,bjwɨj2,pei2,pei4,fei6
o,謠,yew1,yao2,jiu4,jiu4
x,履,lij2,lü3,leoi5,lei5
x,屈,kjut4,qu1,fat1,wat1
o,慲,mwan1,man2,mun4,mun4
o,臑,nyu1,ru2,jyu4,jyu4
o,梯,thej1,ti1,tai1,tai1
o,韭,kjuw2,jiu3,gau2,gau2
o,梇,luwng3,long4,lung6,lung6
x,磧,tshjek4,qi4,cik3,zik1
o,檯,doj1,tai2,toi4,toi4
o,焉,ʔjen1,yan1,jin1,jin1
o,硾,drjwe3,zhui4,zeoi6,zeoi6
x,謕,sje1,ti2,tai3,tai4
o,鰼,zip4,xi2,zaap6,zaap6
o,葳,ʔjwɨj1,wei1,wai1,wai1
x,闒,dap4,ta4,taap6,taap3
o,伍,ngu2,wu3,naa5,naa5
o,祓,phjut4,fu2,fat1,fat1
o,禡,mæ3,ma4,maa6,maa6
o,毉,ʔi1,yi1,ji1,ji1
o,力,lik4,li4,lik6,lik6
o,箕,ki1,ji1,gei1,gei1
x,㐁,thom3,tian4,taam3,tim2
x,嶒,dzing1,ceng2,sang4,cang4
o,查,dzrɛɨ1,cha2,caa4,caa4
o,閞,bjwon3,bian4,bin6,bin6
o,侂,thak4,tuo1,tok3,tok3
o,羞,sjuw1,xiu1,sau1,sau1
x,駱,lak4,luo4,lok6,lok3
o,賈,ku2,gu3,gu2,gu2
o,杶,trhwin1,chun1,ceon1,ceon1
o,儈,kwaj3,kuai4,kui2,kui2
o,藝,ngjej3,yi4,naa6,naa6
x,眯,mej2,mi2,mai4,mai5
o,頩,pheng1,ping1,ping1,ping1
o,犚,ʔjwɨj3,wei4,wai3,wai3
o,蟜,gjew1,jiao3,giu2,giu2
x,覆,phjuw3,fu4,fu3,fuk1
o,砂,sræ1,sha1,saa1,saa1
o,禴,yak4,yue4,joek6,joek6
x,謯,tsjæ1,jie1,ze1,zo3
x,䭱,phet4,bie2,bit3,bit6
o,嚥,ʔen3,yan4,jin3,jin3
o,簨,swin2,sun3,seon2,seon2
x,債,tsrɛɨ3,zhai4,zaai6,zaai3
o,衃,phwoj1,pei1,pui1,pui1
o,諍,tsrɛng3,zheng4,zaang3,zaang3
x,蠰,srjang1,shang4,soeng3,joeng6
o,嬲,new2,niao3,niu5,niu5
o,熙,xi1,xi1,hei1,hei1
o,蟣,gjɨj1,qi2,kei4,kei4
o,栽,tsoj1,zai1,zoi1,zoi1
x,潚,sew1,su4,sou6,suk1
o,蕕,yuw1,you2,jau4,jau4
x,載,tsoj3,zai3,zoi2,zoi3
o,漤,lom2,lan3,laam5,laam5
o,鬑,ljem1,lian2,lim4,lim4
o,涓,kwen1,juan1,gyun1,gyun1
o,嫁,kæ3,jia4,gaa3,gaa3
o,挆,twa2,duo3,do2,do2
o,悑,phu3,bu4,bou3,bou3
o,試,syi3,shi4,si3,si3
o,夸,khwæ1,kua1,kaa1,kaa1
x,茬,tsri1,cha2,ci1,caa4
x,歙,xip4,xi1,jap1,kap1
o,攎,lu1,lu2,lou4,lou4
o,赧,nræn2,nan3,naan5,naan5
o,㡗,dej1,ti2,tai4,tai4
o,芒,mjwang1,mang2,mong4,mong4
o,煻,dang1,tang2,tong4,tong4
o,棐,pjwɨj2,fei3,fei2,fei2
x,蜲,ʔjwe1,wei3,wai2,wai1
o,參,sam1,san1,saam1,saam1
o,詹,tsyem1,zhan1,zim1,zim1
x,夐,xwen3,xiong4,haa3,hing3
o,縝,trhin1,zhen3,can2,can2
o,盦,ʔom1,an1,am1,am1
o,賻,bju3,fu4,fu6,fu6
x,掍,hwon2,hun4,wan6,gaa2
o,粼,lin1,lin2,leon4,leon4
o,㢒,dzræ1,cha2,caa4,caa4
o,歐,ʔuw1,ou1,au1,au1
o,勼,kjuw1,jiu1,gau1,gau1
o,秄,tsi2,zi3,zi2,zi2
o,垕,huw2,hou4,hau6,hau6
o,襇,kɛn3,jian3,gaan2,gaan2
x,䱤,kem3,xian4,gim3,haam6
o,倡,tshyang3,chang4,coeng3,coeng3
o,翹,gjew1,qiao2,kiu4,kiu4
o,煛,kweng2,jiong3,gaa2,gaa2
o,笞,trhi1,chi1,ci1,ci1
o,幄,ʔæwk4,wo4,ak1,ak1
o,昴,mæw2,mao3,maau5,maau5
o,蚞,muwk4,mu4,muk6,muk6
x,趉,kjut4,jue2,kaa3,gyut6
x,契,khjɨt4,qi4,hat1,kit3
o,䄩,yik4,yi4,jik6,jik6
o,歙,xip4,she4,sip3,sip3
x,綄,hwan1,huan3,wun2,waan4
o,悝,li2,li3,lei5,lei5
x,䶦,tshrɛk4,ze2,zaak3,zak3
x,暈,hjun3,yun4,wan6,wan4
o,璩,gjo1,qu2,keoi4,keoi4
o,鏜,thang1,tang1,tong1,tong1
x,點,tem2,dian3,tim2,dim2
o,畢,pit4,bi4,bat1,bat1
o,鏂,ʔuw1,ou1,au1,au1
o,頒,pæn1,ban1,baan1,baan1
o,邵,dzyew3,shao4,siu6,siu6
x,䯈,ngwan1,wan2,jyun4,hin2
o,浸,tsim3,jin4,zam3,zam3
o,禛,tsyin1,zhen1,zan1,zan1
x,臍,dzej1,qi2,cai4,ci4
o,𪍑,tshyew2,chao3,ciu2,ciu2
o,椑,bej1,pi2,pei4,pei4
x,匯,khwɛj1,hui4,wai2,wui6
x,釁,xin3,xin4,han3,jan3
o,篤,towk4,du3,duk1,duk1
o,喥,dak4,duo2,dok6,dok6
o,怱,tshuwng1,cong1,cung1,cung1
o,蝌,khwa1,ke1,fo1,fo1
x,磨,mwa1,mo2,mo1,mo4
x,歂,dzywen1,chuan2,cyun4,cyun2
x,仡,xjɨt4,yi4,nat6,naa6
o,鞹,khwak4,kuo4,kaa3,kaa3
x,䁽,ljep4,lie4,lip6,laap3
o,㠆,tan1,dan1,daan1,daan1
x,嗜,dzyij3,shi4,si6,si3
x,淲,bjiw1,biao1,biu1,piu4
o,庨,xæw1,xiao1,haau1,haau1
x,還,hwæn1,xuan2,wyun4,syun4
x,槺,khang1,kang1,kong1,hong1
x,棢,mjwang2,wang3,mong5,mong1
o,浢,duw3,dou4,dau6,dau6
o,蜱,bje1,pi2,pei4,pei4
o,淫,yim1,yin2,jam4,jam4
o,鉒,trju3,zhu4,zyu3,zyu3
o,稃,phju1,fu1,fu1,fu1
x,蜊,lij1,li2,lei4,lei6
x,橄,kam2,gan3,gam2,gaam3
o,標,pjew1,biao1,biu1,biu1
o,𪗋,tsij1,zi1,zi1,zi1
x,傀,khwoj2,kui3,kaa2,faai3
x,篡,tshrwæn3,cuan4,caai3,saan3
o,䰝,tsing3,zeng4,zang6,zang6
o,忀,sjang1,xiang1,soeng1,soeng1
o,問,mjun3,wen4,man6,man6
o,一,ʔit4,yi1,jat1,jat1
o,慈,dzi1,ci2,ci4,ci4
o,謺,tsyep4,zhe2,zip3,zip3
x,籹,nrjo2,nü3,neoi5,jyu5
o,季,kwij3,ji4,gaa3,gaa3
o,鸋,neng1,ning2,ning4,ning4
o,䬦,tuw3,dou4,dau3,dau3
x,慳,khɛn1,qian1,hin1,haan1
x,扝,ʔu1,ku1,u1,fu1
o,螖,hwɛt4,hua2,waat6,waat6
o,湨,kwek4,ju2,gaa1,gaa1
o,袾,trju1,zhu1,zyu1,zyu1
x,焜,hwon2,kun1,kaa2,kaa1
o,藙,ngjɨj3,yi4,naa6,naa6
o,熏,xjun1,xun1,fan1,fan1
x,擠,tsej1,ji3,zai2,zai1
x,䌥,ʔjɨn2,yin3,jan2,jan5
x,饜,ʔjem1,yan4,jim2,jim3
o,瑄,sjwen1,xuan1,syun1,syun1
o,彭,bæng1,peng2,paang4,paang4
x,棘,kik4,ji2,gik1,kik1
o,棈,tshen3,qian4,sin3,sin3
x,黜,trhwit4,chu4,deot6,ceot1
o,膳,dzyen3,shan4,sin6,sin6
o,藜,lej1,li2,lai4,lai4
o,漿,tsjang1,jiang1,zoeng1,zoeng1
o,巒,lwan1,luan2,lyun4,lyun4
o,鯸,huw1,hou2,hau4,hau4
x,捂,ngu3,wu3,naa5,wu2
o,鷂,yew1,yao2,jiu4,jiu4
x,瑰,hwoj1,gui1,kaa1,gaa1
x,䴳,hwɛt4,hua2,waat6,wat6
o,㡲,hwæn1,huan2,waan4,waan4
x,冀,kij3,ji4,gei3,kei3
o,㜇,ʔjwe3,hui4,wai3,wai3
o,空,khuwng1,kong1,hung1,hung1
o,騏,gi1,qi2,kei4,kei4
o,䳾,tong1,deng1,dang1,dang1
o,垹,pæwng1,bang1,bong1,bong1
x,囃,tshap4,ca4,cat6,caap3
x,䯽,buw1,pou2,pau4,paau4
x,帢,khɛp4,qia4,hap6,hap1
o,罳,si1,si1,si1,si1
o,淓,phjwang1,fang1,fong1,fong1
x,殲,tsjem1,jian1,zim1,cim1
o,滏,bju2,fu3,fu2,fu2
o,啉,lom1,lan2,laam4,laam4
x,珨,hɛp4,xia2,haap6,hap6
x,墫,tshwin1,zun1,zeon1,deon1
x,慓,phjew1,piao4,piu1,piu5
o,漂,phjew1,piao1,piu1,piu1
o,殊,dzyu1,shu1,syu4,syu4
o,扱,tshrɛp4,cha1,caap3,caap3
o,䴾,dza1,cuo2,co4,co4
o,觡,kæk4,ge2,gaak3,gaak3
o,瓷,dzij1,ci2,ci4,ci4
o,篽,ngjo2,yu4,jyu5,jyu5
o,峽,hɛp4,xia2,haap6,haap6
x,淔,trhik4,zhi2,zik1,zik6
x,趌,kjet4,jie2,git3,gat6
o,楟,deng1,ting2,ting4,ting4
x,垣,hjwon1,yuan2,jyun4,wun4
o,瑃,trhwin1,chun1,ceon1,ceon1
o,朝,drjew1,chao2,ciu4,ciu4
x,穴,hwet4,xue2,kyut6,jyut6
o,扁,pen2,bian3,bin2,bin2
o,屑,set4,xie4,sit3,sit3
o,敢,kam2,gan3,gam2,gam2
o,𦨴,duwng1,tong2,tung4,tung4
o,蚯,khjuw1,qiu1,jau1,jau1
o,彎,ʔwæn1,wan1,waan1,waan1
x,茝,tsyi2,chai3,ci2,coi2
x,櫟,yak4,yue4,joek6,naa6
o,媟,sjet4,xie4,sit3,sit3
x,夋,tshwin1,qun1,seon1,ceon1
o,鑋,khjieng1,qing1,hing1,hing1
o,斛,huwk4,hu2,huk6,huk6
x,口,khuw2,kou3,kaau2,hau2
o,唹,ʔjo1,yu1,jyu1,jyu1
x,赩,xik4,shi4,cik1,hik1
o,閉,pej3,bi4,bai3,bai3
o,槊,sræwk4,shuo4,sok3,sok3
x,頂,teng2,ding3,ding2,deng2
o,辟,bjiek4,bi4,bik1,bik1
o,韇,duwk4,du2,duk6,duk6
o,貌,mæw3,mao4,maau6,maau6
o,觼,kwet4,jue2,kyut3,kyut3
x,笯,nu1,fan2,faa4,nou4
o,厧,ten1,dian1,din1,din1
o,褱,hwɛj1,huai2,waai4,waai4
o,當,tang1,dang1,dong1,dong1
x,嵤,hwɛng1,rong2,waa4,wing4
x,蒩,tshjo1,zu1,zyu1,zou1
x,㷳,ngan3,yan4,jin6,naa6
x,䳀,yit4,die2,sit6,dit6
x,塎,yowng2,yong3,jung2,jung5
o,須,sju1,xu1,seoi1,seoi1
o,搶,tshjang1,qiang1,coeng1,coeng1
o,贛,kom2,gan4,gam3,gam3
o,襀,tsjek4,ji1,zik1,zik1
x,㑁,trwit4,zhuo1,zyut1,zyut3
o,支,tsye1,zhi1,zi1,zi1
o,酃,leng1,ling2,ling4,ling4
x,婧,tsjieng1,jing4,zing1,zing6
x,畷,trjwej3,zhui4,zeoi3,zyut3
o,炟,tat4,da2,daat3,daat3
o,枃,tsin3,jin4,zeon3,zeon3
o,昵,nrit4,ni4,nik1,nik1
o,羜,drjo2,zhu4,cyu5,cyu5
o,椵,kæ2,jia3,gaa2,gaa2
x,輩,pwoj3,bei4,bui3,bei3
o,鏵,hwæ1,hua2,waa4,waa4
o,鶝,pjuwk4,fu2,fuk1,fuk1
o,奝,tew1,diao1,diu1,diu1
o,巑,dzwan1,cuan2,cyun4,cyun4
x,緁,tshjep4,qie4,cip3,cap1
x,拯,tsying2,zheng3,zing2,cing2
o,㔡,pet4,bie1,bit3,bit3
o,鼠,syo2,shu3,syu2,syu2
o,粻,trjang1,zhang1,zoeng1,zoeng1
o,㚔,nrjep4,nie4,nip6,nip6
o,恆,hong1,heng2,hang4,hang4
o,蕘,nyew1,rao2,jiu4,jiu4
o,鵸,gje1,qi2,kei4,kei4
o,牑,pen1,bian1,bin1,bin1
o,麝,zyæ3,she4,se6,se6
x,㶏,ʔjɨn1,yin1,jan1,zaan1
o,膻,dan2,dan4,daan6,daan6
o,韓,han1,han2,hon4,hon4
o,德,tok4,de2,dak1,dak1
o,先,sen1,xian1,sin1,sin1
o,冕,mjen2,mian3,min5,min5
o,妁,tsyak4,shuo4,zoek3,zoek3
o,璵,yo1,yu2,jyu4,jyu4
o,裝,tsrjang1,zhuang1,zong1,zong1
o,揞,ʔom2,an3,am2,am2
o,懬,khang2,kuang4,kaa3,kaa3
o,輴,trhwin1,chun1,ceon1,ceon1
o,瀗,xjon3,xian4,hin3,hin3
x,恀,tsye2,shi4,zi6,ci2
o,十,dzyip4,shi2,sap6,sap6
o,莎,swa1,suo1,so1,so1
o,蛹,yowng2,yong3,jung2,jung2
o,眔,dop4,da4,daap6,daap6
x,錣,trjwej3,zhui4,zeoi3,zyut3
o,摣,nræ1,zha1,zaa1,zaa1
o,愓,dang2,dang4,dong6,dong6
o,焚,bjun1,fen2,fan4,fan4
o,劬,gju1,qu2,keoi4,keoi4
o,㚅,ljuwng1,long2,lung4,lung4
x,巾,kin1,jin1,gaa1,gan1
x,醒,seng1,xing3,sing2,seng2
o,尊,tswon1,zun1,zyun1,zyun1
o,黹,trij2,zhi3,zi2,zi2
o,摻,srɛm1,shan3,saam2,saam2
o,宿,sjuw3,xiu4,sau3,sau3
o,姚,yew1,yao2,jiu4,jiu4
x,䫸,trhæw1,chao1,caau1,siu1
x,衾,khim1,qin1,jam1,kam1
x,歕,phwon1,pen1,pan1,pan3
x,紟,gim3,jin1,gam3,gam1
o,鯫,tshju1,zou1,zau1,zau1
o,㺑,srɛm1,shan1,saam1,saam1
o,泱,ʔjang1,yang1,joeng1,joeng1
x,舐,zye2,shi4,ci6,saai5
x,䫤,meng1,ming2,ming4,mang1
o,捭,pɛɨ2,bai3,baai2,baai2
o,磰,dzyen2,shan4,sin6,sin6
o,鋃,lang1,lang2,long4,long4
x,鱀,gij3,ji4,gei3,gei6
o,屬,dzyowk4,shu3,suk6,suk6
x,衍,yen2,yan2,jin4,hin2
o,圯,yi1,yi2,ji4,ji4
x,示,gje1,shi4,kei6,si6
o,晫,træwk4,zhuo2,zoek3,zoek3
o,幍,thaw1,tao1,tou1,tou1
o,散,san2,san3,saan2,saan2
o,繰,saw1,sao1,sou1,sou1
o,峉,ngæk4,e4,naa6,naa6
o,吰,hwɛng1,hong2,wang4,wang4
o,渾,hwon1,hun2,wan4,wan4
o,錢,dzjen1,qian2,cin4,cin4
o,靬,kjon1,jian1,gin1,gin1
o,薋,dzij1,ci2,ci4,ci4
x,嚇,xæ3,xia4,haa3,haak3
o,攋,lat4,la4,laat6,laat6
x,澩,dzræwk4,xue2,sok6,hok6
o,謾,mwan1,man4,maan6,maan6
o,栩,xju2,xu3,heoi2,heoi2
o,楌,ngæn1,yan2,naa4,naa4
o,据,kjo1,ju1,geoi1,geoi1
o,胤,yin3,yin4,jan6,jan6
o,庠,zjang1,xiang2,coeng4,coeng4
o,瓜,kwæ1,gua1,gaa1,gaa1
o,鬌,drjwe1,chui2,ceoi4,ceoi4
x,顪,xjwoj3,hui1,feoi1,wai6
o,墓,mu3,mu4,mou6,mou6
x,發,pjwot4,fa1,fat1,faat3
o,泳,hjwæng3,yong3,wing6,wing6
x,率,srwij3,shuai4,seoi3,seot1
o,行,hang3,hang4,hong6,hong6
x,鳻,bjun1,fen1,fan1,fan4
o,䣕,mæ2,ma3,maa5,maa5
x,沮,dzjo2,ju3,zeoi5,zeoi2
o,仝,duwng1,tong2,tung4,tung4
o,壏,hæm2,han3,haam5,haam5
o,整,tsyieng2,zheng3,zing2,zing2
o,責,tsrɛk4,ze2,zaak3,zaak3
o,鶪,kwek4,ju2,gaa1,gaa1
o,囤,dwon2,tun2,tyun4,tyun4
x,勾,kuw1,gou1,gau1,naa1
o,蘄,gi1,qi2,kei4,kei4
x,仰,ngjang2,yang3,jin5,joeng5
o,妝,tsrjang1,zhuang1,zong1,zong1
o,褚,trhjo2,chu3,cyu2,cyu2
o,渤,bwot4,bo2,but6,but6
o,寄,kje3,ji4,gei3,gei3
o,㑥,ye3,yi4,ji6,ji6
o,玿,dzyew1,shao2,siu4,siu4
o,鍾,tsyowng1,zhong1,zung1,zung1
o,其,gi1,qi2,kei4,kei4
x,耄,maw3,mao4,mau6,mou6
o,蚵,ha1,he2,ho4,ho4
o,璑,mju1,wu2,mou4,mou4
o,妤,yo1,yu2,jyu4,jyu4
x,僆,len3,lian4,lin6,leng1
x,嗗,ʔwɛt4,wa1,waat1,waat3
o,奭,syek4,shi4,sik1,sik1
o,聚,dzju2,ju4,zeoi6,zeoi6
o,藕,nguw2,ou3,naa5,naa5
o,耤,dzjek4,ji2,zik6,zik6
x,饌,dzrjwen3,xuan3,zoek6,syun2
o,肉,nyuwk4,rou4,juk6,juk6
o,瑋,hjwɨj2,wei3,wai5,wai5
x,扐,lok4,le4,lak6,lik1
o,瑪,mæ2,ma3,maa5,maa5
o,名,mjieng1,ming2,ming4,ming4
x,怚,tsjæ1,ju4,zyu3,zeoi6
o,憢,xew1,xiao1,hiu1,hiu1
o,兓,tsim1,jin1,zam1,zam1
x,烕,xjwet4,mie4,kit3,mit6
o,絪,ʔin1,yin1,jan1,jan1
x,㑛,suwk4,su4,suk1,cuk1
x,蒯,khwɛj3,kuai3,wui2,gaa2
o,鴛,ʔjwon1,yuan1,jyun1,jyun1
o,粿,kwa2,guo3,gaa2,gaa2
o,矜,gin1,qin2,kan4,kan4
o,彥,ngjen3,yan4,jin6,jin6
o,謂,hjwɨj3,wei4,wai6,wai6
x,擉,tshræwk4,chuo4,cuk1,cok3
o,驅,khju1,qu1,keoi1,keoi1
o,峋,swin1,xun2,seon1,seon1
o,𢿣,khew1,qiao1,hiu1,hiu1
x,娵,tsju1,ju1,zeoi1,zau1
o,世,syej3,shi4,sai3,sai3
o,羕,yang3,yang4,joeng6,joeng6
x,樽,tswon1,zun1,zyun1,zeon1
o,肢,tsye1,zhi1,zi1,zi1
o,土,thu2,tu3,tou2,tou2
o,邁,mæj3,mai4,maai6,maai6
o,佩,bwoj3,pei4,pui3,pui3
o,鸗,luwng1,long2,lung4,lung4
o,巍,ngjwɨj1,wei1,naa4,naa4
o,傳,drjwen1,chuan2,cyun4,cyun4
o,勞,law1,lao2,lou4,lou4
o,灘,than1,tan1,taan1,taan1
o,棑,bɛɨ1,pai2,paai4,paai4
o,霏,phjwɨj1,fei1,fei1,fei1
x,難,nan1,nan2,nyun4,naan4
o,媥,phjen1,pian1,pin1,pin1
o,餪,nwan2,nuan3,nyun5,nyun5
o,鄦,xjo2,xu3,heoi2,heoi2
o,適,syek4,shi4,sik1,sik1
o,䉷,ngjæm1,yan2,jim4,jim4
x,騭,tsyit4,zhi4,zat6,zat1
o,伃,yo1,yu2,jyu4,jyu4
o,澺,ʔik4,yi4,jik1,jik1
o,窞,dom2,dan4,daam6,daam6
o,己,ki2,ji3,gei2,gei2
x,仆,phju3,pu1,fu3,fu6
o,灤,lwan1,luan2,lyun4,lyun4
o,嬰,ʔjieng1,ying1,jing1,jing1
o,目,mjuwk4,mu4,muk6,muk6
x,䬑,hjwɨj3,wei4,wai6,waai6
o,夵,yem2,yan3,jim5,jim5
o,毳,tshjwej3,cui4,ceoi3,ceoi3
o,苗,mjew1,miao2,miu4,miu4
o,賡,kæng1,geng1,gang1,gang1
o,置,tri3,zhi4,zi3,zi3
o,囪,tshuwng1,cong1,cung1,cung1
o,傜,yew1,yao2,jiu4,jiu4
o,咽,ʔet4,ye4,jit3,jit3
x,俋,drip4,yi4,ji6,jap1
o,薺,dzij1,ci2,ci4,ci4
x,曙,dzyo3,shu3,syu5,cyu5
o,臽,khom2,xian4,haam6,haam6
o,駚,ʔjang2,yang3,joeng2,joeng2
x,䫂,ta2,duo3,to2,do1
o,穡,srik4,se4,sik1,sik1
x,劤,kjɨn3,jin4,gan3,ging6
o,艗,ngek4,yi4,jik6,jik6
o,蓁,tsrin1,zhen1,zeon1,zeon1
o,胏,tsri2,zi3,zi2,zi2
x,阱,dzjieng2,jing3,zing5,zing6
x,墣,phuwk4,pu2,buk6,pok3
o,膟,lwit4,lü4,leot6,leot6
x,弨,tshyew1,chao1,ciu4,ciu1
o,純,tsywin2,zhun3,zeon2,zeon2
x,迕,ngu3,wu3,naa5,naa6
o,苡,yi2,yi3,ji5,ji5
o,㞜,thwoj1,tui1,teoi1,teoi1
o,蔈,pjew1,biao1,biu1,biu1
x,艴,phjut4,bo2,bat6,fat1
x,甶,pjut4,fu2,fat1,fat6
o,宄,kwij2,gui3,gaa2,gaa2
o,便,bjen3,bian4,bin6,bin6
x,跁,bæ2,pa2,paa4,paa1
o,儃,dan1,chan2,cin4,cin4
o,堧,nywen1,ruan2,jyun4,jyun4
o,犧,xje1,xi1,hei1,hei1
o,硨,tshyæ1,che1,ce1,ce1
o,睪,yek4,yi4,jik6,jik6
x,幧,tshjew1,qiao1,ciu4,ciu1
o,楦,xjwon3,xuan4,hyun3,hyun3
x,擳,tsrit4,zhi4,zit1,zit3
x,匣,hæp4,xia2,saap6,haap6
x,祀,zi2,si4,ci6,zi6
o,錤,gi1,ji1,gei1,gei1
o,咷,daw1,tao2,tou4,tou4
o,鷅,lit4,li4,leot6,leot6
x,垛,dwa2,duo4,do6,do2
o,纁,xjun1,xun1,fan1,fan1
x,驍,kew1,xiao1,giu1,hiu1
x,嫼,ʔɛt4,mo4,mot3,aat3
o,蘀,thak4,tuo4,tok3,tok3
o,盟,mæng3,meng4,maang6,maang6
o,槧,tshjem1,qian4,cim3,cim3
o,夏,hæ2,xia4,haa6,haa6
x,橏,tsyen2,zhan3,zan2,gin2
o,融,yuwng1,rong2,jung4,jung4
o,杼,drjo2,zhu4,cyu5,cyu5
o,睘,gjwieng1,qiong2,king4,king4
x,鈶,zi2,tai2,taai4,toi4
o,期,ki1,ji1,gei1,gei1
o,睩,luwk4,lu4,luk6,luk6
x,勁,kjieng3,jin4,ging6,ging3
o,濓,lem1,lian2,lim4,lim4
o,䬊,sræp4,sha4,saap3,saap3
o,殳,dzyu1,shu1,syu4,syu4
x,凝,nging1,ning2,ning4,jing4
x,吐,thu2,tu3,tou2,tou3
o,猛,mæng2,meng3,maang5,maang5
o,乖,kwɛj1,guai1,gaa1,gaa1
o,豌,ʔwan1,wan1,wun1,wun1
o,窨,ʔim3,yin4,jam3,jam3
o,瀏,ljuw1,liu2,lau4,lau4
o,籥,yak4,yue4,joek6,joek6
o,瀶,lim1,lin2,lam4,lam4
o,鶋,kjo1,ju1,geoi1,geoi1
o,鱸,lu1,lu2,lou4,lou4
o,旅,ljo2,lü3,leoi5,leoi5
x,中,trjuwng1,zhong1,cung1,zung1
o,舛,tshywen2,chuan3,cyun2,cyun2
o,掟,deng3,ding4,ding6,ding6
o,雖,swij1,sui1,seoi1,seoi1
o,調,dew3,diao4,diu6,diu6
o,縰,srje2,xi3,saai2,saai2
x,䭈,kjon1,jian4,gin3,gin1
o,鰜,kem1,jian1,gim1,gim1
o,籉,doj1,tai2,toi4,toi4
o,峹,du1,tu2,tou4,tou4
o,興,xing1,xing1,hing1,hing1
o,汕,srɛn2,shan4,saan3,saan3
x,洨,hæw1,xiao2,haau4,naa4
o,哂,syin2,shen3,can2,can2
o,胛,kæp4,jia3,gaap3,gaap3
o,婓,phjwɨj1,fei1,fei1,fei1
o,㼋,ku1,gu1,gu1,gu1
x,帽,maw3,mao4,mau6,mou6
o,屵,ngjon2,e4,naa6,naa6
o,葛,kat4,ge2,got3,got3
x,瞉,khuw3,kou4,kau3,gai3
x,矍,kjwak4,jue2,kok3,fok3
x,迨,doj2,dai4,toi6,doi6
x,䮀,bæwk4,bo2,bok6,but6
x,㣇,yij3,yi4,ji6,dai6
o,惷,tshywin2,chun3,ceon2,ceon2
o,齏,tsej1,ji1,zai1,zai1
o,灶,tsaw3,zao4,zou3,zou3
o,𩧉,kwang1,guang1,gaa1,gaa1
x,麇,kin1,jun1,kaa1,gaa1
x,涉,dzyep4,she4,sip6,sip3
o,諄,tsywin1,zhun1,zeon1,zeon1
o,䶃,hom1,han2,ham4,ham4
o,䟃,tshom1,can1,caam1,caam1
x,䵖,khen2,qian4,hin5,hin3
o,瞭,lew1,liao3,liu5,liu5
o,仟,tshen1,qian1,cin1,cin1
o,釫,ʔu1,wu1,wu1,wu1
o,柘,tsyæ3,zhe4,ze3,ze3
o,槌,drwij1,chui2,ceoi4,ceoi4
o,惘,mjwang2,wang3,mong5,mong5
o,偪,pik4,bi1,bik1,bik1
o,餼,xjɨj3,xi4,hei3,hei3
o,剛,kang1,gang1,gong1,gong1
x,㧡,hoj2,hai4,hoi5,hoi6
o,珩,hæng1,heng2,hang4,hang4
o,審,syim2,shen3,sam2,sam2
o,倓,dam1,tan2,taam4,taam4
x,爰,hjwon1,yuan2,jyun4,wun4
o,埈,swin3,xun4,seon3,seon3
o,迴,hwoj1,hui2,wui4,wui4
o,凋,tew1,diao1,diu1,diu1
o,矔,kwan3,guan4,gun3,gun3
o,䋿,ʔwoj1,wei1,wui1,wui1
o,㠹,kɛj3,jie4,gaai3,gaai3
o,檠,gjæng1,qing2,king4,king4
o,圍,hjwɨj1,wei2,wai4,wai4
o,纚,srje2,xi3,saai2,saai2
o,縉,tsin3,jin4,zeon3,zeon3
o,辛,sin1,xin1,san1,san1
o,儅,tang1,dang4,dong1,dong1
x,姘,phɛng1,pin1,pan1,ping1
o,凇,sjowng1,song1,sung1,sung1
o,綸,kwɛn1,guan1,gaa1,gaa1
o,椽,drjwen1,chuan2,cyun4,cyun4
x,庉,dwon1,dun4,deon6,tyun4
o,頭,duw1,tou,tau4,tau4
o,倯,sjowng1,song1,sung1,sung1
x,眧,tshyew2,chao3,ciu2,ciu1
x,碣,gjot4,jie2,git6,kit3
o,鮇,mjwɨj3,wei4,mei6,mei6
o,能,noj3,nai4,noi6,noi6
x,瀧,luwng1,long2,lung4,long4
o,崵,yang1,yang2,joeng4,joeng4
x,穵,ʔwɛt4,wa1,waat1,waat3
o,弦,hen1,xian2,jin4,jin4
o,潟,sjek4,xi4,sik1,sik1
x,扡,ye2,tuo1,to4,to1
o,瀘,lu1,lu2,lou4,lou4
o,輦,ljen2,nian3,lin5,lin5
o,誐,nga1,e2,naa4,naa4
o,笢,min1,min3,man5,man5
o,穸,zjek4,xi1,zik6,zik6
o,椅,ʔje2,yi3,ji2,ji2
o,械,hɛj3,xie4,haai6,haai6
o,諟,dzye2,shi4,si6,si6
o,閱,ywet4,yue4,jyut6,jyut6
o,賣,mɛɨ3,mai4,maai6,maai6
o,揘,hjwæng1,yong2,wing4,wing4
o,闐,den3,tian2,tin4,tin4
o,襹,srje1,shi1,si1,si1
x,締,dej1,di4,dai6,dai3
o,沜,phwan3,pan4,pun3,pun3
o,檇,tswij1,zui4,zeoi3,zeoi3
x,䶥,tsrjo1,zha1,zaa1,zeoi2
o,愉,yu1,yu2,jyu4,jyu4
o,刌,tshwon2,cun3,cyun2,cyun2
o,踦,khje1,ji3,gei2,gei2
x,扮,pɛn3,ban4,baan3,baan6
o,涖,lij3,li4,lei6,lei6
x,伆,mjun2,wu4,mou6,mat6
x,演,yen2,yan3,jin5,jin2
x,青,tsheng1,qing1,cing1,ceng1
o,疣,hjuw1,you2,jau4,jau4
x,䳝,phuw2,pou3,bau2,faau2
o,嘈,dzaw1,cao2,cou4,cou4
o,鐵,thet4,tie3,tit3,tit3
o,郹,kwek4,ju2,gaa1,gaa1
o,蛢,beng1,ping2,ping4,ping4
o,澱,den3,dian4,din6,din6
o,募,mu3,mu4,mou6,mou6
o,熟,dzyuwk4,shu2,suk6,suk6
o,銛,sjem1,xian1,cim1,cim1
x,豹,pæw3,bao4,baau3,paau3
x,造,dzaw2,zao4,cou6,zou6
o,䮭,mek4,mi4,mik6,mik6
o,嵸,tsuwng1,zong1,zung1,zung1
o,隮,tsej1,ji1,zai1,zai1
o,堭,hwang1,huang2,wong4,wong4
o,熑,lem1,lian2,lim4,lim4
x,櫟,lek4,li4,lik6,lik1
o,街,kɛɨ1,jie1,gaai1,gaai1
o,郡,gjun3,jun4,gaa6,gaa6
x,鍇,kɛj1,kai3,haai2,kaai2
o,聞,mjun1,wen2,man4,man4
o,玉,ngjowk4,yu4,juk6,juk6
o,黔,gim1,qian2,kim4,kim4
x,崤,hæw1,xiao2,haau4,naa4
o,魴,bjwang1,fang2,fong4,fong4
o,湧,yowng2,yong3,jung2,jung2
o,俕,som3,san4,saam3,saam3
x,雔,dzyuw1,chou2,sau4,cau4
o,馞,bwot4,bo2,but6,but6
o,髽,tsrwæ1,zhua1,zaa1,zaa1
x,嫉,dzij3,ji2,zi6,zat6
o,酡,da1,tuo2,to4,to4
x,漺,tshrjang2,shuang3,cong2,song2
o,麤,tshu1,cu1,cou1,cou1
o,相,sjang1,xiang1,soeng1,soeng1
x,濼,lek4,li4,lik6,lik1
o,麊,mje1,mi2,mei4,mei4
o,蓍,syij1,shi1,si1,si1
o,菰,ku1,gu1,gu1,gu1
o,蝂,pæn2,ban3,baan2,baan2
o,疥,kɛj3,jie4,gaai3,gaai3
o,騠,dej1,ti2,tai4,tai4
x,地,dij3,di4,dai6,dei6
o,假,kæ3,jia4,gaa3,gaa3
o,矩,kju2,ju3,geoi2,geoi2
x,䴽,bje1,bai4,bei6,bei1
o,牣,nyin3,ren4,jan6,jan6
o,鋩,mjwang1,mang2,mong4,mong4
o,闔,hap4,he2,hap6,hap6
o,貊,mæk4,mo4,mak6,mak6
x,体,bwon2,ben4,ban5,ban6
o,蛃,pjæng2,bing3,bing2,bing2
x,瞘,ʔuw1,kou1,jau1,kau1
x,洳,nyo1,ru4,jyu6,jyu5
x,絆,pwan3,ban4,bun3,bun6
o,心,sim1,xin1,sam1,sam1
o,垑,tshye2,chi3,ci2,ci2
o,䯊,kha1,qia4,kaa3,kaa3
x,劄,trɛp4,zha2,zaap6,zaap3
x,㞓,khij3,qi4,kei3,hei3
x,筡,trhjo1,jian4,zaai1,tou4
o,軿,ben1,ping2,ping4,ping4
o,褎,yuw3,you4,jau6,jau6
o,瞬,sywin3,shun4,seon3,seon3
o,隧,zwij3,sui4,seoi6,seoi6
o,㠔,pɛɨ3,bai4,baai3,baai3
x,黫,ʔɛn1,yan1,jin1,jan1
x,眑,ʔæw1,yao3,jaau2,jiu2
o,瘼,mak4,mo4,mok6,mok6
o,甫,pju2,fu3,fu2,fu2
x,趏,khæt4,gua1,kaa3,wut6
o,草,tshaw2,cao3,cou2,cou2
o,現,hen3,xian4,jin6,jin6
x,岊,dzet4,jie2,zit6,zit3
o,枸,kuw2,gou3,gau2,gau2
o,迥,hweng2,jiong3,gaa2,gaa2
o,煾,ʔon1,en1,jan1,jan1
x,並,beng2,bing4,bing1,bing6
o,罟,ku2,gu3,gu2,gu2
o,覘,trhjem1,chan1,cim1,cim1
o,狁,ywin2,yun3,wan5,wan5
x,樂,ngæw3,le4,laa6,naa6
o,嘻,xi1,xi1,hei1,hei1
o,匾,pen2,bian3,bin2,bin2
o,旆,baj3,pei4,pui3,pui3
x,襪,mjwot4,wa4,maat6,mat6
x,偝,bwoj3,bei4,bui6,bui3
x,鳦,ʔit4,yi3,jat3,jyut6
o,鑪,lu1,lu2,lou4,lou4
o,孮,dzowng1,cong2,cung4,cung4
x,諉,nrjwe3,wei3,nai5,wai2
o,糟,tsaw1,zao1,zou1,zou1
o,哳,træt4,zha1,zaat3,zaat3
x,叱,tshyit4,chi4,cat3,cik1
o,蟲,drjuwng3,zhong4,zung6,zung6
o,綹,ljuw2,liu3,lau5,lau5
o,鄖,hjun1,yun2,wan4,wan4
o,壞,kwɛj3,huai4,waai6,waai6
o,懊,ʔaw3,ao4,ou3,ou3
x,攡,lje1,chi1,ci4,ci1
o,寡,kwæ2,gua3,gaa2,gaa2
o,軟,nywen2,ruan3,jyun5,jyun5
x,廈,hæ2,sha4,saa6,haa6
x,焃,xwɛk4,he4,haak6,haak1
o,鳿,ngjowk4,yu4,juk6,juk6
o,獚,hwang1,huang2,wong4,wong4
o,忂,gju1,qu2,keoi4,keoi4
o,沫,mwat4,mo4,mut6,mut6
x,渒,pje1,pai4,pei3,bei1
o,襗,dak4,duo2,dok6,dok6
x,靬,kjon1,qian2,hin4,gin1
x,焪,khjuwng1,qiong2,kung4,hung3
o,霍,xwak4,huo4,fok3,fok3
o,痔,dri2,zhi4,zi6,zi6
o,俹,ʔæ3,ya4,aa3,aa3
o,賀,ha3,he4,ho6,ho6
o,祏,dzyek4,shi2,sek6,sek6
o,躘,ljowng1,long2,lung4,lung4
o,槉,dzit4,ji2,zat6,zat6
o,浡,bwot4,bo2,but6,but6
o,寵,trhjowng2,chong3,cung2,cung2
o,拘,kju1,ju1,keoi1,keoi1
o,䴲,mwat4,mo4,mut6,mut6
x,鏡,kjæng3,jing4,ging3,geng3
x,瞲,xwet4,xu4,hyut1,wat6
o,鄄,kjwen3,juan4,gyun3,gyun3
o,䂎,tswan2,zuan3,zyun2,zyun2
o,鐪,lu2,lu3,lou5,lou5
o,覃,dom1,tan2,taam4,taam4
x,咻,xjuw1,xiu1,jau1,heoi2
o,戩,tsjen2,jian3,zin2,zin2
o,虺,xjwɨj2,hui3,wai2,wai2
o,夫,bju1,fu2,fu4,fu4
o,楸,tshjuw1,qiu1,cau1,cau1
o,瀚,han3,han4,hon6,hon6
x,搴,kjen2,qian1,hin4,hin1
o,緦,si1,si1,si1,si1
o,櫝,duwk4,du2,duk6,duk6
o,攬,lam2,lan3,laam5,laam5
x,娝,pij2,pou1,pau3,pau1
o,嗌,ʔjek4,yi4,jik1,jik1
o,唵,ʔom2,an3,am2,am2
o,販,pjwon3,fan4,faan3,faan3
o,楒,si1,si1,si1,si1
o,柀,pje2,bi3,bei2,bei2
o,靼,tat4,da2,daat3,daat3
o,貐,yu2,yu3,jyu5,jyu5
o,㲪,tong1,deng1,dang1,dang1
o,芹,gjɨn1,qin2,kan4,kan4
o,騊,daw1,tao2,tou4,tou4
o,玷,tem2,dian4,dim3,dim3
x,諆,ki1,qi1,kei1,hei1
x,嬒,ʔwaj3,hui4,wai2,wai3
o,伾,phij1,pi1,pei1,pei1
o,茋,tsyij2,zhi3,zi2,zi2
o,逯,ljowk4,lu4,luk6,luk6
x,梀,suwk4,su4,suk1,saak3
x,䢼,kjowng1,gong1,gung1,cung1
x,稑,ljuwk4,lu4,luk6,ling4
o,䮷,duwk4,du2,duk6,duk6
o,遾,dzyej3,shi4,sai6,sai6
x,洒,sej2,sa3,saai2,saa2
o,閇,pej3,bi4,bai3,bai3
o,雓,yo1,yu2,jyu4,jyu4
o,邀,kew1,yao1,jiu1,jiu1
o,鷌,mæ2,ma3,maa5,maa5
x,構,kuw3,gou4,gau3,kau3
o,扇,syen3,shan4,sin3,sin3
o,僭,tsem3,jian4,zim3,zim3
o,祭,tsjej3,ji4,zai3,zai3
o,羋,mje2,mi3,mei5,mei5
o,濺,tsjen3,jian4,zin3,zin3
x,昒,mjut4,hu1,fat6,fat1
o,伈,sim2,xin3,sam2,sam2
o,鬻,yuwk4,yu4,juk6,juk6
o,俏,tshjew3,qiao4,ciu3,ciu3
o,鋝,ljwet4,lüe4,lyut3,lyut3
o,肘,trjuw2,zhou3,zau2,zau2
o,隈,ʔwoj1,wei1,wui1,wui1
x,霩,xwak4,kuo4,kok3,kaa3
o,盛,dzyieng3,sheng4,sing6,sing6
x,療,ljew3,liao2,liu6,liu4
o,嵧,ljuw1,liu2,lau4,lau4
o,祐,hjuw3,you4,jau6,jau6
o,柩,gjuw3,jiu4,gau6,gau6
o,汦,tsyij1,zhi3,zi2,zi2
o,昜,yang1,yang2,joeng4,joeng4
o,翩,phjen1,pian1,pin1,pin1
o,䴹,kwa2,guo3,gaa2,gaa2
o,轘,hwæn1,huan4,waan6,waan6
x,鵟,gjwang1,kuang2,kaa4,kong4
x,罃,ʔɛng1,ying1,jing1,aang1
o,腊,sjek4,xi1,sik1,sik1
o,燒,syew1,shao1,siu1,siu1
o,弤,tej2,di3,dai2,dai2
o,琉,ljuw1,liu2,lau4,lau4
x,䯬,ta2,duo3,to2,do2
x,撜,tsying2,zheng3,zing2,caang4
o,檸,nræng2,ning2,ning4,ning4
x,筀,kwej3,gui4,gaa3,gai3
x,紞,tam2,dan3,daam2,daam1
o,犍,kjon1,jian1,gin1,gin1
o,繡,sjuw3,xiu4,sau3,sau3
x,蜿,ʔjwon1,wan1,jan1,jyun1
o,東,tuwng1,dong1,dung1,dung1
o,鎧,khoj2,kai3,hoi2,hoi2
x,淡,dam2,dan4,daam6,taam5
o,釤,sræm3,shan4,saam3,saam3
o,鼧,da1,tuo2,to4,to4
o,疐,tej3,di4,dai3,dai3
x,橉,lin2,lin4,leon5,leon4
o,阬,khæng1,keng1,haang1,haang1
o,譒,pwa3,bo4,bo3,bo3
o,賴,laj3,lai4,laai6,laai6
o,儔,drjuw1,chou2,cau4,cau4
x,鋼,kang1,gang1,gong1,gong3
o,䊷,tsri1,zi1,zi1,zi1
o,摯,tsyij3,zhi4,zi3,zi3
o,射,yek4,yi4,jik6,jik6
o,虪,syuwk4,shu4,suk1,suk1
o,琚,kjo1,ju1,geoi1,geoi1
o,坲,bjut4,fo2,fat6,fat6
o,桹,lang1,lang2,long4,long4
x,燘,xwoj2,mei3,fui2,mui5
o,禔,tsye1,ti2,tai4,tai4
o,奐,xwan3,huan4,wun6,wun6
o,垂,dzywe1,chui2,seoi4,seoi4
o,尚,dzyang3,shang4,soeng6,soeng6
x,宁,drjo1,zhu4,zyu6,cyu5
x,錎,khom2,ke1,hap1,haam6
o,炅,kweng2,jiong3,gaa2,gaa2
x,襮,powk4,bo2,bok6,bok3
o,仉,tsyang2,zhang3,zoeng2,zoeng2
x,殉,zwin3,xun4,seon6,seon1
x,琢,træwk4,zhuo2,zoek3,doek3
o,僑,gjew1,qiao2,kiu4,kiu4
o,釦,khuw2,kou4,kau3,kau3
x,郪,tshij1,qi1,ci1,cai1
o,抖,tuw2,dou3,dau2,dau2
o,蹛,drjej3,zhi4,zai6,zai6
o,鸏,muwng1,meng2,mung4,mung4
o,隻,tsyek4,zhi1,zek3,zek3
o,鮓,tsræ2,zha3,zaa2,zaa2
o,狡,kæw2,jiao3,gaau2,gaau2
x,傖,dzræng1,cang1,cong4,caang4
x,漊,lju2,lou2,lau5,lau4
o,蠣,ljej3,li4,lai6,lai6
x,晛,hen2,xian4,jin6,jin5
x,墆,det4,zhi4,zit6,zai6
x,趎,drju1,chu2,cyu4,syu4
o,谷,yowk4,yu4,juk6,juk6
x,棒,bæwng2,bang4,bang6,paang5
o,敁,tem1,dian1,dim1,dim1
o,鮦,duwng1,tong2,tung4,tung4
o,會,hwaj3,hui4,wui6,wui6
o,屬,tsyowk4,zhu3,zuk1,zuk1
x,巋,khwij1,kui1,faa1,kaa1
o,鞃,hwong1,hong2,wang4,wang4
o,濧,dwoj3,dui4,deoi6,deoi6
o,尖,tsjem1,jian1,zim1,zim1
o,隰,zip4,xi2,zaap6,zaap6
x,沘,bij1,bi3,bei5,bei2
o,楎,xjwɨj1,hui1,fai1,fai1
x,赫,xæk4,he4,haak3,haak1
o,胸,xjowng1,xiong1,hung1,hung1
o,滻,srɛn2,chan3,caan2,caan2
o,栔,khej3,qi4,kai3,kai3
o,姎,ʔang1,yang1,joeng1,joeng1
o,樊,bjwon1,fan2,faan4,faan4
x,炔,kwej3,gui4,gaa3,gai3
o,湊,tshuw3,cou4,cau3,cau3
o,花,xwæ1,hua1,faa1,faa1
o,糷,lan3,lan2,laan4,laan4
o,傎,ten1,dian1,din1,din1
o,煥,xwan3,huan4,wun6,wun6
x,鍱,yep4,ye4,jip6,dip6
o,哤,mæwng1,mang2,mong4,mong4
o,于,hju1,yu2,jyu4,jyu4
o,扈,hu2,hu4,wu6,wu6
x,䀠,kju1,ju4,geoi1,keoi4
o,殿,den3,dian4,din6,din6
o,索,sak4,suo3,sok3,sok3
o,麴,khjuwk4,qu1,kuk1,kuk1
o,䫔,khej3,xi4,hai6,hai6
x,竭,gjot4,jie2,git6,kit3
x,躠,sat4,sa3,saat3,sit3
o,瓦,ngwæ3,wa4,naa6,naa6
o,幢,dræwng1,chuang2,cong4,cong4
o,姴,ljet4,lie4,lit6,lit6
o,珪,kwej1,gui1,gaa1,gaa1
o,䴇,leng1,ling2,ling4,ling4
o,八,pɛt4,ba1,baat3,baat3
o,當,tang3,dang4,dong3,dong3
o,澼,phek4,pi4,pik1,pik1
x,切,tshej3,qie4,cit3,cai3
o,憷,tshrjo2,chu3,co2,co2
o,易,yek4,yi4,jik6,jik6
o,聾,luwng1,long2,lung4,lung4
o,衈,nyi3,er3,ji6,ji6
o,旝,kwaj3,kuai4,kui2,kui2
o,啌,xæwng1,xiang1,hong1,hong1
x,匌,kop4,ge2,gap3,hap6
x,魗,dzyuw1,chou3,sau2,cau2
o,壼,khwon2,kun3,kaa2,kaa2
o,右,hjuw3,you4,jau6,jau6
o,大,daj3,dai4,daai6,daai6
o,昂,ngang1,ang2,naa4,naa4
o,板,pæn2,ban3,baan2,baan2
x,敫,kew3,jiao3,giu2,giu3
x,縹,phjew2,piao3,piu2,piu5
o,泄,yej3,yi4,jai6,jai6
x,枹,bjuw1,fu2,fau4,fu1
o,煌,hwang1,huang2,wong4,wong4
x,噦,ʔjwot4,yue1,jyut3,jyut6
x,繒,dzing1,zeng1,cang4,zang1
x,矐,xak4,huo4,fok3,hok3
x,慟,duwng3,tong4,tung6,dung6
o,迵,duwng3,dong4,dung6,dung6
o,鈷,ku2,gu3,gu2,gu2
o,緣,ywen1,yuan2,jyun4,jyun4
o,漙,dwan1,tuan2,tyun4,tyun4
x,柱,drju2,zhu4,cyu6,cyu5
x,叀,dzywen3,hui4,seoi6,zyun1
x,䙡,khwij3,kui4,waa2,kui2
o,婹,ʔew2,yao3,jiu2,jiu2
o,太,thaj3,tai4,taai3,taai3
o,足,tsjowk4,zu2,zuk1,zuk1
o,筠,hjin1,yun2,wan4,wan4
o,餐,tshan1,can1,caan1,caan1
o,䲰,hjun3,yun4,wan6,wan6
o,過,kwa1,guo4,gaa3,gaa3
o,儯,dong1,teng2,tang4,tang4
x,媐,yi1,yi2,ji4,hei1
o,湘,sjang1,xiang1,soeng1,soeng1
