correct?,Character,Middle Chinese,Cantonese,Predicted Mandarin,Actual Mandarin
o,求,gjuw1,kau4,qiu2,qiu2
o,㼭,dem3,dim3,dian4,dian4
o,蒱,bu1,po4,pu2,pu2
o,鷯,lew1,liu4,liao2,liao2
x,三,sam3,saam3,san4,san1
o,偋,bjieng3,bing6,bing4,bing4
x,鉸,kæw1,gaau3,jiao4,jiao3
o,髧,dom2,dam3,dan4,dan4
o,蒝,ngjwon1,jyun4,yuan2,yuan2
x,厏,tsræ2,zaa3,zha4,zha3
x,韖,nyuw2,jau5,rou3,rou2
x,撖,khom1,haam5,kan4,han4
o,諼,xjwon1,hyun1,xuan1,xuan1
o,鼸,hem2,jim6,xian4,xian4
o,忌,gi3,gei6,ji4,ji4
x,犉,nywin1,seon4,run2,chun2
o,灃,phjuwng1,fung1,feng1,feng1
o,瞿,gju1,keoi4,qu2,qu2
o,親,tshin1,can1,qin1,qin1
o,𧟌,la3,lo6,luo4,luo4
o,瞋,tshyin1,can1,chen1,chen1
o,潿,hjwɨj1,wai4,wei2,wei2
o,飣,teng3,ding3,ding4,ding4
o,緇,tsri1,zi1,zi1,zi1
x,釧,tshywen3,cyun3,chuan2,chuan4
o,醺,xjun1,fan1,xun1,xun1
x,朁,dzjem1,caam2,zan3,can3
o,簢,min2,man5,min3,min3
o,舁,yo1,jyu4,yu2,yu2
o,蘋,bin1,pan4,pin2,pin2
o,惕,thek4,tik1,ti4,ti4
o,懷,hwɛj1,waai4,huai2,huai2
o,垡,bjwot4,fat6,fa2,fa2
o,藘,ljo1,leoi4,lü2,lü2
o,魚,ngjo1,jyu4,yu2,yu2
o,胠,khjo1,keoi1,qu1,qu1
o,沴,lej3,leoi6,li4,li4
o,嚀,neng1,ning4,ning2,ning2
x,娟,ʔjwen1,gyun1,yuan1,juan1
o,淪,lwin1,leon4,lun2,lun2
x,鄱,bwa1,bo3,bo2,po2
o,鸁,lwa1,lo4,luo2,luo2
o,錧,kwan2,gun2,guan3,guan3
x,歋,ye1,ji4,yi2,ye4
o,仄,tsrik4,zak1,ze4,ze4
o,湎,mjen2,min5,mian3,mian3
o,銗,huw1,hau4,hou2,hou2
o,惡,ʔu3,wu3,wu4,wu4
x,行,hæng3,hang6,xing2,heng2
x,撘,top4,daap3,da2,da1
o,搎,swon1,syun1,sun1,sun1
x,伺,si3,zi6,si4,ci4
o,浚,swin3,zeon3,jun4,jun4
o,砯,phing1,ping1,ping1,ping1
o,䳢,gi1,kei4,qi2,qi2
o,酸,swan1,syun1,suan1,suan1
o,定,deng3,ding6,ding4,ding4
o,房,bjwang1,fong4,fang2,fang2
o,羱,ngjwon1,jyun4,yuan2,yuan2
x,㒄,nyen2,ngam4,nan4,ran3
o,疇,drjuw1,cau4,chou2,chou2
o,幖,pjew1,biu1,biao1,biao1
x,梏,kæwk4,guk1,gue3,gu4
x,鑰,yak4,joek6,yue4,yao4
o,彩,tshoj2,coi2,cai3,cai3
o,寤,ngu3,ng6,wu4,wu4
x,肴,hæw1,ngaau4,xiao2,yao2
o,熆,hap4,hap6,he2,he2
o,囷,khin1,kwan1,qun1,qun1
x,慨,khoj3,koi2,kai4,kai3
o,微,mjwɨj1,mei4,wei1,wei1
x,鄙,pij2,pei2,pi3,bi3
o,鈂,drim1,cam4,chen2,chen2
o,彪,pjiw1,biu1,biao1,biao1
o,猣,tsuwng1,zung1,zong1,zong1
o,䀀,phjom3,faan3,fan4,fan4
x,森,srim1,sam1,shen1,sen1
o,馝,bit4,bit6,bi4,bi4
o,遴,lin3,leon4,lin2,lin2
o,梨,lij1,lei4,li2,li2
o,圊,tshjieng1,cing1,qing1,qing1
o,堠,huw3,hau6,hou4,hou4
o,琥,xu2,fu2,hu3,hu3
o,㹲,xæw1,hau1,xiao1,xiao1
x,炎,hjem1,jim4,xian1,yan2
o,晦,xwoj3,fui3,hui4,hui4
o,倡,tshyang1,coeng1,chang1,chang1
o,樓,luw1,lau4,lou2,lou2
o,拂,phjut4,fat1,fu2,fu2
o,嗉,su3,sou3,su4,su4
o,殘,dzan1,caan4,can2,can2
o,痙,gjieng2,ging6,jing4,jing4
o,鬟,hwæn1,waan4,huan2,huan2
o,依,ʔjɨj1,ji1,yi1,yi1
o,漨,bjowng1,fung4,feng2,feng2
o,榖,kuwk4,guk1,gu3,gu3
o,銀,ngin1,ngan4,yin2,yin2
x,捏,net4,nip6,nie4,nie1
o,掀,xjon1,hin1,xian1,xian1
o,省,srjæng2,saang2,sheng3,sheng3
o,渽,tsoj1,zoi1,zai1,zai1
o,榤,gjet4,git6,jie2,jie2
o,囋,dzan3,zaan3,zan4,zan4
o,剈,ʔwen1,jyun1,yuan1,yuan1
o,潠,swon3,seon3,xun4,xun4
x,玻,phwa1,bo1,po1,bo1
o,衭,pju1,fu1,fu1,fu1
o,莢,kep4,gaap3,jia2,jia2
o,籜,thak4,tok3,tuo4,tuo4
o,憧,tshyowng1,cung1,chong1,chong1
x,嵌,khæm1,ham6,qan1,qian4
o,痟,sjew1,siu1,xiao1,xiao1
o,痴,trhi1,ci1,chi1,chi1
o,呈,drjieng1,cing4,cheng2,cheng2
x,蟧,lew1,lou4,liu2,lao2
o,踶,dej3,dai6,di4,di4
o,㳬,zjwen1,syun4,xuan2,xuan2
o,搌,trjen2,zin2,zhan3,zhan3
o,桎,tsyit4,zat6,zhi4,zhi4
o,宵,sjew1,siu1,xiao1,xiao1
o,獘,bjej3,bai6,bi4,bi4
o,初,tshrjo1,co1,chu1,chu1
o,䰰,nyu1,jyu4,ru2,ru2
o,山,srɛn1,saan1,shan1,shan1
o,炯,hweng2,gwing2,jiong3,jiong3
o,匋,daw1,tou4,tao2,tao2
o,闐,den1,tin4,tian2,tian2
o,譯,yek4,jik6,yi4,yi4
o,鱐,sjuwk4,suk1,su4,su4
o,䫗,hæ1,haa4,xia2,xia2
o,猙,tsrɛng1,zang1,zheng1,zheng1
o,蜛,kjo1,geoi1,ju1,ju1
o,陀,da1,to4,tuo2,tuo2
x,憿,kew1,giu1,jiao1,jiao3
o,襦,nyu1,jyu4,ru2,ru2
o,疑,ngi1,ji4,yi2,yi2
o,妋,pju1,fu1,fu1,fu1
x,溪,khej1,kai1,qi1,xi1
o,達,dat4,daat6,da2,da2
o,袷,kjæp4,gip3,jie2,jie2
o,伀,tsyowng1,zung1,zhong1,zhong1
o,燮,sep4,sit3,xie4,xie4
o,獿,naw1,naau4,nao2,nao2
o,薅,xaw1,hou1,hao1,hao1
x,廿,nyip4,jaa6,ra4,nian4
o,敃,min2,man5,min3,min3
x,絮,sjo3,seoi5,su4,xu4
o,范,bjom2,faan6,fan4,fan4
o,鶩,mju3,mou6,wu4,wu4
x,緯,hjwɨj3,wai6,wei4,wei3
x,腡,kwɛɨ1,lo4,cuo2,luo1
o,鏐,ljuw1,lau4,liu2,liu2
o,組,tsu2,zou2,zu3,zu3
x,坒,bij3,bai6,bei4,bi4
x,逼,pik4,bik1,bi4,bi1
o,坐,dzwa3,zo6,zuo4,zuo4
o,㼧,duwng1,tung4,tong2,tong2
o,澳,ʔjuwk4,juk1,yu4,yu4
o,胭,ʔen1,jin1,yan1,yan1
o,訦,dzyim1,sam4,chen2,chen2
o,磷,lin3,leon6,lin4,lin4
o,單,tan1,daan1,dan1,dan1
o,歄,kwɛɨ1,gwaa1,gua1,gua1
o,云,hjun1,wan4,yun2,yun2
o,媒,mwoj1,mui4,mei2,mei2
o,霤,ljuw3,lau6,liu4,liu4
o,咋,tsræ3,zaa3,zha4,zha4
o,鱤,kom2,gam2,gan3,gan3
x,角,kæwk4,gok3,jue2,jiao3
x,柖,dzyew1,siu4,chao2,shao2
o,黲,tshom2,caam2,can3,can3
o,抏,ngwan1,jyun4,wan2,wan2
x,鵽,twat4,zyut3,duo1,duo4
o,吝,lin3,leon6,lin4,lin4
x,酩,meng2,ming4,ming2,ming3
o,秧,ʔjang1,joeng1,yang1,yang1
o,鵃,tsyew1,zau1,zhou1,zhou1
x,話,hwæj3,waa6,huai4,hua4
o,跲,kɛp4,gaap3,jia2,jia2
o,狑,leng1,ling4,ling2,ling2
o,油,yuw3,jau6,you4,you4
o,君,kjun1,gwan1,jun1,jun1
o,展,trjen2,zin2,zhan3,zhan3
x,轍,drjet4,cit3,che4,zhe2
x,鄭,drjieng3,zeng6,zhen4,zheng4
o,巸,yi1,ji4,yi2,yi2
o,䬰,dzyew3,siu6,shao4,shao4
o,㓢,lak4,lok3,luo4,luo4
o,猖,tshyang1,coeng1,chang1,chang1
x,㔩,ʔop4,aap6,ya1,e4
x,告,kowk4,guk1,gu4,gao4
o,貁,yuw3,jau6,you4,you4
o,芸,hjun1,wan4,yun2,yun2
x,劾,khɛj3,hat6,jia4,he2
o,見,ken3,gin3,jian4,jian4
o,通,thuwng1,tung1,tong1,tong1
x,諷,pjuwng3,fung3,feng4,feng3
o,疏,srjo1,so1,shu1,shu1
o,褶,dep4,dip6,die2,die2
o,懌,yek4,jik6,yi4,yi4
x,嬹,xing3,hing1,xing1,xing4
x,鰶,tsjej3,man5,mian3,ji4
o,遬,suwk4,cuk1,su4,su4
o,鐘,tsyowng1,zung1,zhong1,zhong1
o,痢,lij3,lei1,li4,li4
o,淨,dzjieng3,zing6,jing4,jing4
o,嶸,hjwæng1,wing4,rong2,rong2
o,醬,tsjang3,zoeng3,jiang4,jiang4
o,默,mok4,mak6,mo4,mo4
o,速,suwk4,cuk1,su4,su4
o,琪,gi1,kei4,qi2,qi2
o,懄,gjɨn1,kan4,qin2,qin2
o,勷,nyang1,joeng4,rang2,rang2
x,嬔,phjwon3,faan3,fan4,fu4
o,庀,phje2,pei2,pi3,pi3
o,衙,ngjo1,jyu4,yu2,yu2
x,盾,zywin2,teon5,dun3,dun4
o,蒀,ʔjun1,wan1,yun1,yun1
o,獧,kwen3,gyun3,juan4,juan4
o,桻,phjowng1,fung1,feng1,feng1
x,抓,tsræw1,zaau2,zhao3,zhua1
o,腔,khæwng1,hong1,qiang1,qiang1
x,撣,dan1,daan6,dan4,dan3
o,暲,tsyang1,zoeng1,zhang1,zhang1
o,酮,duwng1,tung4,tong2,tong2
x,篻,mjew1,piu3,piao1,piao3
o,粢,tsij1,zi1,zi1,zi1
o,蜾,kwa2,gwo2,guo3,guo3
x,埢,kjwen2,gyun3,juan4,juan3
o,鷞,srjang1,soeng1,shuang1,shuang1
x,陫,bjwɨj2,fei6,fei4,pei2
o,謠,yew1,jiu4,yao2,yao2
x,履,lij2,lei5,li3,lü3
x,屈,kjut4,wat1,gu1,qu1
o,慲,mwan1,mun4,man2,man2
o,臑,nyu1,jyu4,ru2,ru2
o,梯,thej1,tai1,ti1,ti1
o,韭,kjuw2,gau2,jiu3,jiu3
o,梇,luwng3,lung6,long4,long4
x,磧,tshjek4,zik1,ji4,qi4
o,檯,doj1,toi4,tai2,tai2
o,焉,ʔjen1,jin1,yan1,yan1
o,硾,drjwe3,zeoi6,zhui4,zhui4
x,謕,sje1,tai4,si1,ti2
o,鰼,zip4,zaap6,xi2,xi2
o,葳,ʔjwɨj1,wai1,wei1,wei1
o,闒,dap4,taap3,ta4,ta4
o,伍,ngu2,ng5,wu3,wu3
o,祓,phjut4,fat1,fu2,fu2
o,禡,mæ3,maa6,ma4,ma4
o,毉,ʔi1,ji1,yi1,yi1
o,力,lik4,lik6,li4,li4
o,箕,ki1,gei1,ji1,ji1
x,㐁,thom3,tim2,tan4,tian4
x,嶒,dzing1,cang4,zeng2,ceng2
o,查,dzrɛɨ1,caa4,cha2,cha2
o,閞,bjwon3,bin6,bian4,bian4
x,侂,thak4,tok3,tuo4,tuo1
o,羞,sjuw1,sau1,xiu1,xiu1
o,駱,lak4,lok3,luo4,luo4
o,賈,ku2,gu2,gu3,gu3
o,杶,trhwin1,ceon1,chun1,chun1
o,儈,kwaj3,kui2,kuai4,kuai4
o,藝,ngjej3,ngai6,yi4,yi4
x,眯,mej2,mai5,mi3,mi2
o,頩,pheng1,ping1,ping1,ping1
o,犚,ʔjwɨj3,wai3,wei4,wei4
o,蟜,gjew1,giu2,jiao3,jiao3
o,覆,phjuw3,fuk1,fu4,fu4
o,砂,sræ1,saa1,sha1,sha1
o,禴,yak4,joek6,yue4,yue4
x,謯,tsjæ1,zo3,ze4,jie1
x,䭱,phet4,bit6,bie1,bie2
o,嚥,ʔen3,jin3,yan4,yan4
x,簨,swin2,seon2,xun3,sun3
x,債,tsrɛɨ3,zaai3,zai4,zhai4
o,衃,phwoj1,pui1,pei1,pei1
x,諍,tsrɛng3,zaang3,zeng4,zheng4
x,蠰,srjang1,joeng6,xiang4,shang4
o,嬲,new2,niu5,niao3,niao3
o,熙,xi1,hei1,xi1,xi1
o,蟣,gjɨj1,kei4,qi2,qi2
o,栽,tsoj1,zoi1,zai1,zai1
x,潚,sew1,suk1,su1,su4
o,蕕,yuw1,jau4,you2,you2
x,載,tsoj3,zoi3,zai4,zai3
o,漤,lom2,laam5,lan3,lan3
o,鬑,ljem1,lim4,lian2,lian2
o,涓,kwen1,gyun1,juan1,juan1
o,嫁,kæ3,gaa3,jia4,jia4
o,挆,twa2,do2,duo3,duo3
x,悑,phu3,bou3,pu4,bu4
o,試,syi3,si3,shi4,shi4
x,夸,khwæ1,kwaa1,kua4,kua1
x,茬,tsri1,caa4,chen2,cha2
o,歙,xip4,kap1,xi1,xi1
o,攎,lu1,lou4,lu2,lu2
o,赧,nræn2,naan5,nan3,nan3
o,㡗,dej1,tai4,ti2,ti2
o,芒,mjwang1,mong4,mang2,mang2
o,煻,dang1,tong4,tang2,tang2
o,棐,pjwɨj2,fei2,fei3,fei3
x,蜲,ʔjwe1,wai1,wei1,wei3
o,參,sam1,saam1,san1,san1
o,詹,tsyem1,zim1,zhan1,zhan1
o,夐,xwen3,hing3,xiong4,xiong4
x,縝,trhin1,can2,chen1,zhen3
o,盦,ʔom1,am1,an1,an1
o,賻,bju3,fu6,fu4,fu4
x,掍,hwon2,gwan2,gun3,hun4
o,粼,lin1,leon4,lin2,lin2
o,㢒,dzræ1,caa4,cha2,cha2
o,歐,ʔuw1,au1,ou1,ou1
o,勼,kjuw1,gau1,jiu1,jiu1
o,秄,tsi2,zi2,zi3,zi3
o,垕,huw2,hau6,hou4,hou4
x,襇,kɛn3,gaan2,jian4,jian3
x,䱤,kem3,haam6,jian4,xian4
o,倡,tshyang3,coeng3,chang4,chang4
o,翹,gjew1,kiu4,qiao2,qiao2
o,煛,kweng2,gwing2,jiong3,jiong3
o,笞,trhi1,ci1,chi1,chi1
o,幄,ʔæwk4,ak1,wo4,wo4
o,昴,mæw2,maau5,mao3,mao3
o,蚞,muwk4,muk6,mu4,mu4
o,趉,kjut4,gyut6,jue2,jue2
x,契,khjɨt4,kit3,qie4,qi4
o,䄩,yik4,jik6,yi4,yi4
x,歙,xip4,sip3,xi1,she4
x,綄,hwan1,waan4,huan2,huan3
o,悝,li2,lei5,li3,li3
x,䶦,tshrɛk4,zak3,che4,ze2
x,暈,hjun3,wan4,yun2,yun4
o,璩,gjo1,keoi4,qu2,qu2
o,鏜,thang1,tong1,tang1,tang1
o,點,tem2,dim2,dian3,dian3
o,畢,pit4,bat1,bi4,bi4
o,鏂,ʔuw1,au1,ou1,ou1
o,頒,pæn1,baan1,ban1,ban1
o,邵,dzyew3,siu6,shao4,shao4
x,䯈,ngwan1,hin2,wan3,wan2
o,浸,tsim3,zam3,jin4,jin4
o,禛,tsyin1,zan1,zhen1,zhen1
x,臍,dzej1,ci4,ci2,qi2
o,𪍑,tshyew2,ciu2,chao3,chao3
o,椑,bej1,pei4,pi2,pi2
x,匯,khwɛj1,wui6,kui4,hui4
o,釁,xin3,jan3,xin4,xin4
x,篤,towk4,duk1,duo3,du3
o,喥,dak4,dok6,duo2,duo2
o,怱,tshuwng1,cung1,cong1,cong1
o,蝌,khwa1,fo1,ke1,ke1
o,磨,mwa1,mo4,mo2,mo2
x,歂,dzywen1,cyun2,chuan1,chuan2
x,仡,xjɨt4,ngat6,qi4,yi4
o,鞹,khwak4,kwok3,kuo4,kuo4
o,䁽,ljep4,laap3,lie4,lie4
o,㠆,tan1,daan1,dan1,dan1
o,嗜,dzyij3,si3,shi4,shi4
x,淲,bjiw1,piu4,piao2,biao1
o,庨,xæw1,haau1,xiao1,xiao1
o,還,hwæn1,syun4,xuan2,xuan2
o,槺,khang1,hong1,kang1,kang1
x,棢,mjwang2,mong1,ang3,wang3
o,浢,duw3,dau6,dou4,dou4
o,蜱,bje1,pei4,pi2,pi2
o,淫,yim1,jam4,yin2,yin2
o,鉒,trju3,zyu3,zhu4,zhu4
o,稃,phju1,fu1,fu1,fu1
x,蜊,lij1,lei6,li4,li2
o,橄,kam2,gaam3,gan3,gan3
o,標,pjew1,biu1,biao1,biao1
o,𪗋,tsij1,zi1,zi1,zi1
x,傀,khwoj2,faai3,kuai4,kui3
x,篡,tshrwæn3,saan3,chuai2,cuan4
o,䰝,tsing3,zang6,zeng4,zeng4
o,忀,sjang1,soeng1,xiang1,xiang1
o,問,mjun3,man6,wen4,wen4
x,一,ʔit4,jat1,yi4,yi1
o,慈,dzi1,ci4,ci2,ci2
o,謺,tsyep4,zip3,zhe2,zhe2
x,籹,nrjo2,jyu5,ru3,nü3
x,季,kwij3,gwai3,gui4,ji4
o,鸋,neng1,ning4,ning2,ning2
o,䬦,tuw3,dau3,dou4,dou4
x,慳,khɛn1,haan1,jian1,qian1
x,扝,ʔu1,fu1,hu1,ku1
o,螖,hwɛt4,waat6,hua2,hua2
x,湨,kwek4,gwik1,juo2,ju2
o,袾,trju1,zyu1,zhu1,zhu1
x,焜,hwon2,kwan1,kun4,kun1
o,藙,ngjɨj3,ngai6,yi4,yi4
o,熏,xjun1,fan1,xun1,xun1
x,擠,tsej1,zai1,ji1,ji3
o,䌥,ʔjɨn2,jan5,yin3,yin3
x,饜,ʔjem1,jim3,yan1,yan4
o,瑄,sjwen1,syun1,xuan1,xuan1
o,彭,bæng1,paang4,peng2,peng2
x,棘,kik4,kik1,ji1,ji2
o,棈,tshen3,sin3,qian4,qian4
o,黜,trhwit4,ceot1,chu4,chu4
o,膳,dzyen3,sin6,shan4,shan4
o,藜,lej1,lai4,li2,li2
o,漿,tsjang1,zoeng1,jiang1,jiang1
o,巒,lwan1,lyun4,luan2,luan2
o,鯸,huw1,hau4,hou2,hou2
x,捂,ngu3,wu2,wu2,wu3
o,鷂,yew1,jiu4,yao2,yao2
x,瑰,hwoj1,gwai1,kui1,gui1
o,䴳,hwɛt4,wat6,hua2,hua2
o,㡲,hwæn1,waan4,huan2,huan2
o,冀,kij3,kei3,ji4,ji4
x,㜇,ʔjwe3,wai3,ui4,hui4
o,空,khuwng1,hung1,kong1,kong1
o,騏,gi1,kei4,qi2,qi2
o,䳾,tong1,dang1,deng1,deng1
o,垹,pæwng1,bong1,bang1,bang1
o,囃,tshap4,caap3,ca4,ca4
o,䯽,buw1,paau4,pou2,pou2
o,帢,khɛp4,hap1,qia4,qia4
o,罳,si1,si1,si1,si1
o,淓,phjwang1,fong1,fang1,fang1
o,殲,tsjem1,cim1,jian1,jian1
o,滏,bju2,fu2,fu3,fu3
o,啉,lom1,laam4,lan2,lan2
o,珨,hɛp4,hap6,xia2,xia2
x,墫,tshwin1,deon1,dian1,zun1
x,慓,phjew1,piu5,piao3,piao4
o,漂,phjew1,piu1,piao1,piao1
x,殊,dzyu1,syu4,shu2,shu1
o,扱,tshrɛp4,caap3,cha1,cha1
o,䴾,dza1,co4,cuo2,cuo2
o,觡,kæk4,gaak3,ge2,ge2
o,瓷,dzij1,ci4,ci2,ci2
x,篽,ngjo2,jyu5,yu3,yu4
o,峽,hɛp4,haap6,xia2,xia2
x,淔,trhik4,zik6,zhi4,zhi2
o,趌,kjet4,gat6,jie2,jie2
o,楟,deng1,ting4,ting2,ting2
x,垣,hjwon1,wun4,huan2,yuan2
o,瑃,trhwin1,ceon1,chun1,chun1
o,朝,drjew1,ciu4,chao2,chao2
x,穴,hwet4,jyut6,ue4,xue2
o,扁,pen2,bin2,bian3,bian3
o,屑,set4,sit3,xie4,xie4
o,敢,kam2,gam2,gan3,gan3
o,𦨴,duwng1,tung4,tong2,tong2
o,蚯,khjuw1,jau1,qiu1,qiu1
o,彎,ʔwæn1,waan1,wan1,wan1
x,茝,tsyi2,coi2,zhi3,chai3
x,櫟,yak4,ngok6,e4,yue4
o,媟,sjet4,sit3,xie4,xie4
o,夋,tshwin1,ceon1,qun1,qun1
o,鑋,khjieng1,hing1,qing1,qing1
o,斛,huwk4,huk6,hu2,hu2
o,口,khuw2,hau2,kou3,kou3
o,唹,ʔjo1,jyu1,yu1,yu1
x,赩,xik4,hik1,xi4,shi4
o,閉,pej3,bai3,bi4,bi4
o,槊,sræwk4,sok3,shuo4,shuo4
o,頂,teng2,deng2,ding3,ding3
o,辟,bjiek4,bik1,bi4,bi4
o,韇,duwk4,duk6,du2,du2
o,貌,mæw3,maau6,mao4,mao4
o,觼,kwet4,kyut3,jue2,jue2
x,笯,nu1,nou4,nu2,fan2
o,厧,ten1,din1,dian1,dian1
o,褱,hwɛj1,waai4,huai2,huai2
o,當,tang1,dong1,dang1,dang1
x,嵤,hwɛng1,wing4,hong2,rong2
o,蒩,tshjo1,zou1,zu1,zu1
x,㷳,ngan3,ngon6,an4,yan4
x,䳀,yit4,dit6,di2,die2
o,塎,yowng2,jung5,yong3,yong3
o,須,sju1,seoi1,xu1,xu1
o,搶,tshjang1,coeng1,qiang1,qiang1
o,贛,kom2,gam3,gan4,gan4
x,襀,tsjek4,zik1,ji4,ji1
x,㑁,trwit4,zyut3,zhuo2,zhuo1
o,支,tsye1,zi1,zhi1,zhi1
o,酃,leng1,ling4,ling2,ling2
o,婧,tsjieng1,zing6,jing4,jing4
x,畷,trjwej3,zyut3,chuo4,zhui4
o,炟,tat4,daat3,da2,da2
o,枃,tsin3,zeon3,jin4,jin4
o,昵,nrit4,nik1,ni4,ni4
o,羜,drjo2,cyu5,zhu4,zhu4
o,椵,kæ2,gaa2,jia3,jia3
o,輩,pwoj3,bei3,bei4,bei4
o,鏵,hwæ1,waa4,hua2,hua2
x,鶝,pjuwk4,fuk1,fu4,fu2
o,奝,tew1,diu1,diao1,diao1
o,巑,dzwan1,cyun4,cuan2,cuan2
x,緁,tshjep4,cap1,qi1,qie4
x,拯,tsying2,cing2,cheng3,zheng3
x,㔡,pet4,bit3,bie4,bie1
o,鼠,syo2,syu2,shu3,shu3
o,粻,trjang1,zoeng1,zhang1,zhang1
o,㚔,nrjep4,nip6,nie4,nie4
o,恆,hong1,hang4,heng2,heng2
o,蕘,nyew1,jiu4,rao2,rao2
o,鵸,gje1,kei4,qi2,qi2
o,牑,pen1,bin1,bian1,bian1
o,麝,zyæ3,se6,she4,she4
x,㶏,ʔjɨn1,zaan1,yin4,yin1
o,膻,dan2,daan6,dan4,dan4
o,韓,han1,hon4,han2,han2
o,德,tok4,dak1,de2,de2
o,先,sen1,sin1,xian1,xian1
o,冕,mjen2,min5,mian3,mian3
x,妁,tsyak4,zoek3,zhuo2,shuo4
o,璵,yo1,jyu4,yu2,yu2
o,裝,tsrjang1,zong1,zhuang1,zhuang1
o,揞,ʔom2,am2,an3,an3
x,懬,khang2,kwong3,kang4,kuang4
o,輴,trhwin1,ceon1,chun1,chun1
o,瀗,xjon3,hin3,xian4,xian4
x,恀,tsye2,ci2,chi3,shi4
o,十,dzyip4,sap6,shi2,shi2
o,莎,swa1,so1,suo1,suo1
o,蛹,yowng2,jung2,yong3,yong3
x,眔,dop4,daap6,ta4,da4
x,錣,trjwej3,zyut3,chuo4,zhui4
x,摣,nræ1,zaa1,zha2,zha1
o,愓,dang2,dong6,dang4,dang4
o,焚,bjun1,fan4,fen2,fen2
o,劬,gju1,keoi4,qu2,qu2
o,㚅,ljuwng1,lung4,long2,long2
o,巾,kin1,gan1,jin1,jin1
x,醒,seng1,seng2,xong1,xing3
o,尊,tswon1,zyun1,zun1,zun1
o,黹,trij2,zi2,zhi3,zhi3
x,摻,srɛm1,saam2,shan1,shan3
o,宿,sjuw3,sau3,xiu4,xiu4
o,姚,yew1,jiu4,yao2,yao2
o,䫸,trhæw1,siu1,chao1,chao1
o,衾,khim1,kam1,qin1,qin1
o,歕,phwon1,pan3,pen1,pen1
o,紟,gim3,gam1,jin1,jin1
x,鯫,tshju1,zau1,qou1,zou1
o,㺑,srɛm1,saam1,shan1,shan1
o,泱,ʔjang1,joeng1,yang1,yang1
x,舐,zye2,saai5,shi3,shi4
x,䫤,meng1,mang1,meng2,ming2
o,捭,pɛɨ2,baai2,bai3,bai3
o,磰,dzyen2,sin6,shan4,shan4
o,鋃,lang1,long4,lang2,lang2
o,鱀,gij3,gei6,ji4,ji4
x,屬,dzyowk4,suk6,shu2,shu3
x,衍,yen2,hin2,jian3,yan2
o,圯,yi1,ji4,yi2,yi2
x,示,gje1,si6,chi2,shi4
o,晫,træwk4,zoek3,zhuo2,zhuo2
o,幍,thaw1,tou1,tao1,tao1
o,散,san2,saan2,san3,san3
o,繰,saw1,sou1,sao1,sao1
o,峉,ngæk4,ngaak6,e4,e4
o,吰,hwɛng1,wang4,hong2,hong2
o,渾,hwon1,wan4,hun2,hun2
o,錢,dzjen1,cin4,qian2,qian2
o,靬,kjon1,gin1,jian1,jian1
o,薋,dzij1,ci4,ci2,ci2
o,嚇,xæ3,haak3,xia4,xia4
o,攋,lat4,laat6,la4,la4
x,澩,dzræwk4,hok6,qe2,xue2
o,謾,mwan1,maan6,man4,man4
o,栩,xju2,heoi2,xu3,xu3
o,楌,ngæn1,ngaan4,yan2,yan2
o,据,kjo1,geoi1,ju1,ju1
o,胤,yin3,jan6,yin4,yin4
o,庠,zjang1,coeng4,xiang2,xiang2
o,瓜,kwæ1,gwaa1,gua1,gua1
o,鬌,drjwe1,ceoi4,chui2,chui2
x,顪,xjwoj3,wai6,hui4,hui1
o,墓,mu3,mou6,mu4,mu4
x,發,pjwot4,faat3,fa2,fa1
o,泳,hjwæng3,wing6,yong3,yong3
o,率,srwij3,seot1,shuai4,shuai4
o,行,hang3,hong6,hang4,hang4
x,鳻,bjun1,fan4,fen2,fen1
o,䣕,mæ2,maa5,ma3,ma3
x,沮,dzjo2,zeoi2,zu3,ju3
o,仝,duwng1,tung4,tong2,tong2
x,壏,hæm2,haam5,jian4,han3
o,整,tsyieng2,zing2,zheng3,zheng3
o,責,tsrɛk4,zaak3,ze2,ze2
x,鶪,kwek4,gwik1,juo2,ju2
x,囤,dwon2,tyun4,tuan2,tun2
o,勾,kuw1,ngau1,gou1,gou1
o,蘄,gi1,kei4,qi2,qi2
x,仰,ngjang2,joeng5,riang3,yang3
o,妝,tsrjang1,zong1,zhuang1,zhuang1
o,褚,trhjo2,cyu2,chu3,chu3
o,渤,bwot4,but6,bo2,bo2
o,寄,kje3,gei3,ji4,ji4
o,㑥,ye3,ji6,yi4,yi4
x,玿,dzyew1,siu4,chao2,shao2
o,鍾,tsyowng1,zung1,zhong1,zhong1
o,其,gi1,kei4,qi2,qi2
o,耄,maw3,mou6,mao4,mao4
o,蚵,ha1,ho4,he2,he2
o,璑,mju1,mou4,wu2,wu2
o,妤,yo1,jyu4,yu2,yu2
x,僆,len3,leng1,lin1,lian4
x,嗗,ʔwɛt4,waat3,wo4,wa1
o,奭,syek4,sik1,shi4,shi4
x,聚,dzju2,zeoi6,jui4,ju4
o,藕,nguw2,ngau5,ou3,ou3
o,耤,dzjek4,zik6,ji2,ji2
x,饌,dzrjwen3,syun2,shuan2,xuan3
x,肉,nyuwk4,juk6,ru4,rou4
o,瑋,hjwɨj2,wai5,wei3,wei3
x,扐,lok4,lik1,lei4,le4
o,瑪,mæ2,maa5,ma3,ma3
o,名,mjieng1,ming4,ming2,ming2
o,怚,tsjæ1,zeoi6,ju4,ju4
o,憢,xew1,hiu1,xiao1,xiao1
o,兓,tsim1,zam1,jin1,jin1
o,烕,xjwet4,mit6,mie4,mie4
o,絪,ʔin1,jan1,yin1,yin1
o,㑛,suwk4,cuk1,su4,su4
x,蒯,khwɛj3,gwaai2,kuai4,kuai3
o,鴛,ʔjwon1,jyun1,yuan1,yuan1
o,粿,kwa2,gwo2,guo3,guo3
o,矜,gin1,kan4,qin2,qin2
o,彥,ngjen3,jin6,yan4,yan4
o,謂,hjwɨj3,wai6,wei4,wei4
o,擉,tshræwk4,cok3,chuo4,chuo4
o,驅,khju1,keoi1,qu1,qu1
o,峋,swin1,seon1,xun2,xun2
o,𢿣,khew1,hiu1,qiao1,qiao1
x,娵,tsju1,zau1,zou1,ju1
o,世,syej3,sai3,shi4,shi4
o,羕,yang3,joeng6,yang4,yang4
o,樽,tswon1,zeon1,zun1,zun1
o,肢,tsye1,zi1,zhi1,zhi1
o,土,thu2,tou2,tu3,tu3
o,邁,mæj3,maai6,mai4,mai4
o,佩,bwoj3,pui3,pei4,pei4
o,鸗,luwng1,lung4,long2,long2
x,巍,ngjwɨj1,ngai4,wei2,wei1
o,傳,drjwen1,cyun4,chuan2,chuan2
o,勞,law1,lou4,lao2,lao2
o,灘,than1,taan1,tan1,tan1
o,棑,bɛɨ1,paai4,pai2,pai2
o,霏,phjwɨj1,fei1,fei1,fei1
o,難,nan1,naan4,nan2,nan2
o,媥,phjen1,pin1,pian1,pian1
o,餪,nwan2,nyun5,nuan3,nuan3
o,鄦,xjo2,heoi2,xu3,xu3
o,適,syek4,sik1,shi4,shi4
o,䉷,ngjæm1,jim4,yan2,yan2
o,騭,tsyit4,zat1,zhi4,zhi4
o,伃,yo1,jyu4,yu2,yu2
o,澺,ʔik4,jik1,yi4,yi4
o,窞,dom2,daam6,dan4,dan4
o,己,ki2,gei2,ji3,ji3
x,仆,phju3,fu6,fu4,pu1
o,灤,lwan1,lyun4,luan2,luan2
o,嬰,ʔjieng1,jing1,ying1,ying1
o,目,mjuwk4,muk6,mu4,mu4
o,䬑,hjwɨj3,waai6,wei4,wei4
o,夵,yem2,jim5,yan3,yan3
o,毳,tshjwej3,ceoi3,cui4,cui4
o,苗,mjew1,miu4,miao2,miao2
o,賡,kæng1,gang1,geng1,geng1
o,置,tri3,zi3,zhi4,zhi4
o,囪,tshuwng1,cung1,cong1,cong1
o,傜,yew1,jiu4,yao2,yao2
x,咽,ʔet4,jit3,ye1,ye4
x,俋,drip4,jap1,zhi4,yi4
o,薺,dzij1,ci4,ci2,ci2
o,曙,dzyo3,cyu5,shu3,shu3
x,臽,khom2,haam6,kan4,xian4
o,駚,ʔjang2,joeng2,yang3,yang3
x,䫂,ta2,do1,duo1,duo3
o,穡,srik4,sik1,se4,se4
o,劤,kjɨn3,ging6,jin4,jin4
o,艗,ngek4,jik6,yi4,yi4
o,蓁,tsrin1,zeon1,zhen1,zhen1
o,胏,tsri2,zi2,zi3,zi3
x,阱,dzjieng2,zing6,jing4,jing3
x,墣,phuwk4,pok3,pu1,pu2
o,膟,lwit4,leot6,lü4,lü4
x,弨,tshyew1,ciu1,chiao1,chao1
o,純,tsywin2,zeon2,zhun3,zhun3
x,迕,ngu3,ng6,wu4,wu3
o,苡,yi2,ji5,yi3,yi3
o,㞜,thwoj1,teoi1,tui1,tui1
o,蔈,pjew1,biu1,biao1,biao1
x,艴,phjut4,fat1,fu2,bo2
o,甶,pjut4,fat6,fu2,fu2
o,宄,kwij2,gwai2,gui3,gui3
o,便,bjen3,bin6,bian4,bian4
x,跁,bæ2,paa1,pa4,pa2
o,儃,dan1,cin4,chan2,chan2
o,堧,nywen1,jyun4,ruan2,ruan2
o,犧,xje1,hei1,xi1,xi1
o,硨,tshyæ1,ce1,che1,che1
o,睪,yek4,jik6,yi4,yi4
o,幧,tshjew1,ciu1,qiao1,qiao1
o,楦,xjwon3,hyun3,xuan4,xuan4
o,擳,tsrit4,zit3,zhi4,zhi4
o,匣,hæp4,haap6,xia2,xia2
o,祀,zi2,zi6,si4,si4
o,錤,gi1,gei1,ji1,ji1
o,咷,daw1,tou4,tao2,tao2
o,鷅,lit4,leot6,li4,li4
x,垛,dwa2,do2,duo3,duo4
o,纁,xjun1,fan1,xun1,xun1
o,驍,kew1,hiu1,xiao1,xiao1
x,嫼,ʔɛt4,aat3,ya4,mo4
o,蘀,thak4,tok3,tuo4,tuo4
o,盟,mæng3,maang6,meng4,meng4
x,槧,tshjem1,cim3,qian1,qian4
o,夏,hæ2,haa6,xia4,xia4
x,橏,tsyen2,gin2,zhian3,zhan3
o,融,yuwng1,jung4,rong2,rong2
o,杼,drjo2,cyu5,zhu4,zhu4
o,睘,gjwieng1,king4,qiong2,qiong2
x,鈶,zi2,toi4,sei4,tai2
o,期,ki1,gei1,ji1,ji1
o,睩,luwk4,luk6,lu4,lu4
x,勁,kjieng3,ging3,jing4,jin4
o,濓,lem1,lim4,lian2,lian2
o,䬊,sræp4,saap3,sha4,sha4
x,殳,dzyu1,syu4,shu2,shu1
x,凝,nging1,jing4,ing2,ning2
o,吐,thu2,tou3,tu3,tu3
o,猛,mæng2,maang5,meng3,meng3
o,乖,kwɛj1,gwaai1,guai1,guai1
o,豌,ʔwan1,wun1,wan1,wan1
o,窨,ʔim3,jam3,yin4,yin4
o,瀏,ljuw1,lau4,liu2,liu2
o,籥,yak4,joek6,yue4,yue4
o,瀶,lim1,lam4,lin2,lin2
o,鶋,kjo1,geoi1,ju1,ju1
o,鱸,lu1,lou4,lu2,lu2
o,旅,ljo2,leoi5,lü3,lü3
o,中,trjuwng1,zung1,zhong1,zhong1
o,舛,tshywen2,cyun2,chuan3,chuan3
o,掟,deng3,ding6,ding4,ding4
o,雖,swij1,seoi1,sui1,sui1
o,調,dew3,diu6,diao4,diao4
o,縰,srje2,saai2,xi3,xi3
x,䭈,kjon1,gin1,jian1,jian4
o,鰜,kem1,gim1,jian1,jian1
o,籉,doj1,toi4,tai2,tai2
o,峹,du1,tou4,tu2,tu2
o,興,xing1,hing1,xing1,xing1
o,汕,srɛn2,saan3,shan4,shan4
o,洨,hæw1,ngaau4,xiao2,xiao2
o,哂,syin2,can2,shen3,shen3
x,胛,kæp4,gaap3,jia2,jia3
o,婓,phjwɨj1,fei1,fei1,fei1
o,㼋,ku1,gu1,gu1,gu1
o,帽,maw3,mou6,mao4,mao4
x,屵,ngjon2,ngaat6,ya4,e4
x,葛,kat4,got3,ge1,ge2
o,瞉,khuw3,gai3,kou4,kou4
o,矍,kjwak4,fok3,jue2,jue2
o,迨,doj2,doi6,dai4,dai4
o,䮀,bæwk4,but6,bo2,bo2
x,㣇,yij3,dai6,di4,yi4
x,惷,tshywin2,ceon2,chuan3,chun3
o,齏,tsej1,zai1,ji1,ji1
o,灶,tsaw3,zou3,zao4,zao4
o,𩧉,kwang1,gwong1,guang1,guang1
o,麇,kin1,gwan1,jun1,jun1
x,涉,dzyep4,sip3,she2,she4
o,諄,tsywin1,zeon1,zhun1,zhun1
o,䶃,hom1,ham4,han2,han2
o,䟃,tshom1,caam1,can1,can1
o,䵖,khen2,hin3,qian4,qian4
o,瞭,lew1,liu5,liao3,liao3
o,仟,tshen1,cin1,qian1,qian1
o,釫,ʔu1,wu1,wu1,wu1
o,柘,tsyæ3,ze3,zhe4,zhe4
o,槌,drwij1,ceoi4,chui2,chui2
o,惘,mjwang2,mong5,wang3,wang3
x,偪,pik4,bik1,bi4,bi1
o,餼,xjɨj3,hei3,xi4,xi4
o,剛,kang1,gong1,gang1,gang1
o,㧡,hoj2,hoi6,hai4,hai4
x,珩,hæng1,hang4,xing2,heng2
o,審,syim2,sam2,shen3,shen3
o,倓,dam1,taam4,tan2,tan2
x,爰,hjwon1,wun4,huan2,yuan2
o,埈,swin3,seon3,xun4,xun4
o,迴,hwoj1,wui4,hui2,hui2
o,凋,tew1,diu1,diao1,diao1
o,矔,kwan3,gun3,guan4,guan4
o,䋿,ʔwoj1,wui1,wei1,wei1
o,㠹,kɛj3,gaai3,jie4,jie4
o,檠,gjæng1,king4,qing2,qing2
o,圍,hjwɨj1,wai4,wei2,wei2
o,纚,srje2,saai2,xi3,xi3
o,縉,tsin3,zeon3,jin4,jin4
o,辛,sin1,san1,xin1,xin1
x,儅,tang1,dong1,dang1,dang4
x,姘,phɛng1,ping1,peng1,pin1
o,凇,sjowng1,sung1,song1,song1
o,綸,kwɛn1,gwaan1,guan1,guan1
o,椽,drjwen1,cyun4,chuan2,chuan2
x,庉,dwon1,tyun4,tun2,dun4
x,頭,duw1,tau4,tou2,to1
o,倯,sjowng1,sung1,song1,song1
x,眧,tshyew2,ciu1,chao1,chao3
o,碣,gjot4,kit3,jie2,jie2
o,鮇,mjwɨj3,mei6,wei4,wei4
o,能,noj3,noi6,nai4,nai4
o,瀧,luwng1,long4,long2,long2
o,崵,yang1,joeng4,yang2,yang2
x,穵,ʔwɛt4,waat3,wo4,wa1
o,弦,hen1,jin4,xian2,xian2
o,潟,sjek4,sik1,xi4,xi4
x,扡,ye2,to1,tie1,tuo1
o,瀘,lu1,lou4,lu2,lu2
x,輦,ljen2,lin5,lian3,nian3
o,誐,nga1,ngo4,e2,e2
x,笢,min1,man5,min2,min3
x,穸,zjek4,zik6,xi2,xi1
o,椅,ʔje2,ji2,yi3,yi3
o,械,hɛj3,haai6,xie4,xie4
o,諟,dzye2,si6,shi4,shi4
o,閱,ywet4,jyut6,yue4,yue4
o,賣,mɛɨ3,maai6,mai4,mai4
x,揘,hjwæng1,wing4,rong2,yong2
x,闐,den3,tin4,tian4,tian2
o,襹,srje1,si1,shi1,shi1
o,締,dej1,dai3,di4,di4
o,沜,phwan3,pun3,pan4,pan4
o,檇,tswij1,zeoi3,zui4,zui4
x,䶥,tsrjo1,zeoi2,zu3,zha1
o,愉,yu1,jyu4,yu2,yu2
o,刌,tshwon2,cyun2,cun3,cun3
x,踦,khje1,gei2,qi3,ji3
o,扮,pɛn3,baan6,ban4,ban4
o,涖,lij3,lei6,li4,li4
x,伆,mjun2,mat6,o4,wu4
o,演,yen2,jin2,yan3,yan3
o,青,tsheng1,ceng1,qing1,qing1
o,疣,hjuw1,jau4,you2,you2
x,䳝,phuw2,faau2,fou3,pou3
o,嘈,dzaw1,cou4,cao2,cao2
x,鐵,thet4,tit3,tie4,tie3
x,郹,kwek4,gwik1,juo2,ju2
o,蛢,beng1,ping4,ping2,ping2
o,澱,den3,din6,dian4,dian4
o,募,mu3,mou6,mu4,mu4
o,熟,dzyuwk4,suk6,shu2,shu2
o,銛,sjem1,cim1,xian1,xian1
x,豹,pæw3,paau3,pao4,bao4
o,造,dzaw2,zou6,zao4,zao4
o,䮭,mek4,mik6,mi4,mi4
o,嵸,tsuwng1,zung1,zong1,zong1
o,隮,tsej1,zai1,ji1,ji1
o,堭,hwang1,wong4,huang2,huang2
o,熑,lem1,lim4,lian2,lian2
o,櫟,lek4,lik1,li4,li4
o,街,kɛɨ1,gaai1,jie1,jie1
o,郡,gjun3,gwan6,jun4,jun4
x,鍇,kɛj1,kaai2,jie1,kai3
o,聞,mjun1,man4,wen2,wen2
o,玉,ngjowk4,juk6,yu4,yu4
o,黔,gim1,kim4,qian2,qian2
o,崤,hæw1,ngaau4,xiao2,xiao2
o,魴,bjwang1,fong4,fang2,fang2
o,湧,yowng2,jung2,yong3,yong3
o,俕,som3,saam3,san4,san4
o,雔,dzyuw1,cau4,chou2,chou2
o,馞,bwot4,but6,bo2,bo2
x,髽,tsrwæ1,zaa1,zha1,zhua1
x,嫉,dzij3,zat6,ji4,ji2
o,酡,da1,to4,tuo2,tuo2
x,漺,tshrjang2,song2,chiang3,shuang3
o,麤,tshu1,cou1,cu1,cu1
o,相,sjang1,soeng1,xiang1,xiang1
o,濼,lek4,lik1,li4,li4
o,麊,mje1,mei4,mi2,mi2
o,蓍,syij1,si1,shi1,shi1
o,菰,ku1,gu1,gu1,gu1
o,蝂,pæn2,baan2,ban3,ban3
o,疥,kɛj3,gaai3,jie4,jie4
o,騠,dej1,tai4,ti2,ti2
o,地,dij3,dei6,di4,di4
o,假,kæ3,gaa3,jia4,jia4
o,矩,kju2,geoi2,ju3,ju3
x,䴽,bje1,bei1,bi1,bai4
o,牣,nyin3,jan6,ren4,ren4
o,鋩,mjwang1,mong4,mang2,mang2
o,闔,hap4,hap6,he2,he2
o,貊,mæk4,mak6,mo4,mo4
o,体,bwon2,ban6,ben4,ben4
o,蛃,pjæng2,bing2,bing3,bing3
o,瞘,ʔuw1,kau1,kou1,kou1
x,洳,nyo1,jyu5,ru2,ru4
o,絆,pwan3,bun6,ban4,ban4
x,心,sim1,sam1,shin1,xin1
o,垑,tshye2,ci2,chi3,chi3
x,䯊,kha1,kaa3,ka4,qia4
x,劄,trɛp4,zaap3,zha4,zha2
o,㞓,khij3,hei3,qi4,qi4
x,筡,trhjo1,tou4,chu2,jian4
o,軿,ben1,ping4,ping2,ping2
o,褎,yuw3,jau6,you4,you4
o,瞬,sywin3,seon3,shun4,shun4
o,隧,zwij3,seoi6,sui4,sui4
o,㠔,pɛɨ3,baai3,bai4,bai4
o,黫,ʔɛn1,jan1,yan1,yan1
x,眑,ʔæw1,jiu2,yao4,yao3
o,瘼,mak4,mok6,mo4,mo4
o,甫,pju2,fu2,fu3,fu3
x,趏,khæt4,wut6,gu4,gua1
o,草,tshaw2,cou2,cao3,cao3
o,現,hen3,jin6,xian4,xian4
o,岊,dzet4,zit3,jie2,jie2
o,枸,kuw2,gau2,gou3,gou3
o,迥,hweng2,gwing2,jiong3,jiong3
o,煾,ʔon1,jan1,en1,en1
o,並,beng2,bing6,bing4,bing4
o,罟,ku2,gu2,gu3,gu3
o,覘,trhjem1,cim1,chan1,chan1
o,狁,ywin2,wan5,yun3,yun3
x,樂,ngæw3,ngaau6,ao4,le4
o,嘻,xi1,hei1,xi1,xi1
o,匾,pen2,bin2,bian3,bian3
o,旆,baj3,pui3,pei4,pei4
x,襪,mjwot4,mat6,o4,wa4
o,偝,bwoj3,bui3,bei4,bei4
x,鳦,ʔit4,jyut6,yi4,yi3
o,鑪,lu1,lou4,lu2,lu2
o,孮,dzowng1,cung4,cong2,cong2
x,諉,nrjwe3,wai2,hui4,wei3
o,糟,tsaw1,zou1,zao1,zao1
x,哳,træt4,zaat3,zha2,zha1
o,叱,tshyit4,cik1,chi4,chi4
o,蟲,drjuwng3,zung6,zhong4,zhong4
o,綹,ljuw2,lau5,liu3,liu3
o,鄖,hjun1,wan4,yun2,yun2
x,壞,kwɛj3,waai6,kuai4,huai4
o,懊,ʔaw3,ou3,ao4,ao4
o,攡,lje1,ci1,chi1,chi1
o,寡,kwæ2,gwaa2,gua3,gua3
o,軟,nywen2,jyun5,ruan3,ruan3
x,廈,hæ2,haa6,xia4,sha4
o,焃,xwɛk4,haak1,he4,he4
o,鳿,ngjowk4,juk6,yu4,yu4
o,獚,hwang1,wong4,huang2,huang2
o,忂,gju1,keoi4,qu2,qu2
o,沫,mwat4,mut6,mo4,mo4
x,渒,pje1,bei1,bei1,pai4
o,襗,dak4,dok6,duo2,duo2
x,靬,kjon1,gin1,jian1,qian2
x,焪,khjuwng1,hung3,qiong4,qiong2
o,霍,xwak4,fok3,huo4,huo4
o,痔,dri2,zi6,zhi4,zhi4
o,俹,ʔæ3,aa3,ya4,ya4
o,賀,ha3,ho6,he4,he4
o,祏,dzyek4,sek6,shi2,shi2
o,躘,ljowng1,lung4,long2,long2
o,槉,dzit4,zat6,ji2,ji2
o,浡,bwot4,but6,bo2,bo2
o,寵,trhjowng2,cung2,chong3,chong3
o,拘,kju1,keoi1,ju1,ju1
o,䴲,mwat4,mut6,mo4,mo4
o,鏡,kjæng3,geng3,jing4,jing4
x,瞲,xwet4,wat6,huo4,xu4
o,鄄,kjwen3,gyun3,juan4,juan4
o,䂎,tswan2,zyun2,zuan3,zuan3
o,鐪,lu2,lou5,lu3,lu3
o,覃,dom1,taam4,tan2,tan2
x,咻,xjuw1,heoi2,xui1,xiu1
o,戩,tsjen2,zin2,jian3,jian3
x,虺,xjwɨj2,wai2,hui4,hui3
o,夫,bju1,fu4,fu2,fu2
o,楸,tshjuw1,cau1,qiu1,qiu1
o,瀚,han3,hon6,han4,han4
x,搴,kjen2,hin1,jian1,qian1
o,緦,si1,si1,si1,si1
o,櫝,duwk4,duk6,du2,du2
o,攬,lam2,laam5,lan3,lan3
x,娝,pij2,pau1,pou3,pou1
o,嗌,ʔjek4,jik1,yi4,yi4
o,唵,ʔom2,am2,an3,an3
o,販,pjwon3,faan3,fan4,fan4
o,楒,si1,si1,si1,si1
o,柀,pje2,bei2,bi3,bi3
o,靼,tat4,daat3,da2,da2
o,貐,yu2,jyu5,yu3,yu3
o,㲪,tong1,dang1,deng1,deng1
o,芹,gjɨn1,kan4,qin2,qin2
o,騊,daw1,tou4,tao2,tao2
o,玷,tem2,dim3,dian4,dian4
x,諆,ki1,hei1,xi1,qi1
o,嬒,ʔwaj3,wai3,hui4,hui4
o,伾,phij1,pei1,pi1,pi1
o,茋,tsyij2,zi2,zhi3,zhi3
o,逯,ljowk4,luk6,lu4,lu4
x,梀,suwk4,saak3,se4,su4
x,䢼,kjowng1,cung1,chong1,gong1
x,稑,ljuwk4,ling4,liao4,lu4
o,䮷,duwk4,duk6,du2,du2
o,遾,dzyej3,sai6,shi4,shi4
x,洒,sej2,saa2,shi3,sa3
o,閇,pej3,bai3,bi4,bi4
o,雓,yo1,jyu4,yu2,yu2
x,邀,kew1,jiu1,xiao1,yao1
o,鷌,mæ2,maa5,ma3,ma3
o,構,kuw3,kau3,gou4,gou4
o,扇,syen3,sin3,shan4,shan4
o,僭,tsem3,zim3,jian4,jian4
o,祭,tsjej3,zai3,ji4,ji4
o,羋,mje2,mei5,mi3,mi3
o,濺,tsjen3,zin3,jian4,jian4
x,昒,mjut4,fat1,fu2,hu1
x,伈,sim2,sam2,shen3,xin3
o,鬻,yuwk4,juk6,yu4,yu4
o,俏,tshjew3,ciu3,qiao4,qiao4
x,鋝,ljwet4,lyut3,lie4,lüe4
o,肘,trjuw2,zau2,zhou3,zhou3
o,隈,ʔwoj1,wui1,wei1,wei1
o,霩,xwak4,kwok3,kuo4,kuo4
o,盛,dzyieng3,sing6,sheng4,sheng4
o,療,ljew3,liu4,liao2,liao2
o,嵧,ljuw1,lau4,liu2,liu2
o,祐,hjuw3,jau6,you4,you4
o,柩,gjuw3,gau6,jiu4,jiu4
o,汦,tsyij1,zi2,zhi3,zhi3
o,昜,yang1,joeng4,yang2,yang2
o,翩,phjen1,pin1,pian1,pian1
o,䴹,kwa2,gwo2,guo3,guo3
x,轘,hwæn1,waan6,huan2,huan4
x,鵟,gjwang1,kong4,quang2,kuang2
o,罃,ʔɛng1,aang1,ying1,ying1
x,腊,sjek4,sik1,xi4,xi1
o,燒,syew1,siu1,shao1,shao1
o,弤,tej2,dai2,di3,di3
o,琉,ljuw1,lau4,liu2,liu2
o,䯬,ta2,do2,duo3,duo3
x,撜,tsying2,caang4,cheng2,zheng3
o,檸,nræng2,ning4,ning2,ning2
x,筀,kwej3,gai3,ji4,gui4
o,紞,tam2,daam1,dan3,dan3
o,犍,kjon1,gin1,jian1,jian1
o,繡,sjuw3,sau3,xiu4,xiu4
x,蜿,ʔjwon1,jyun1,yuan1,wan1
o,東,tuwng1,dung1,dong1,dong1
o,鎧,khoj2,hoi2,kai3,kai3
o,淡,dam2,taam5,dan4,dan4
o,釤,sræm3,saam3,shan4,shan4
o,鼧,da1,to4,tuo2,tuo2
o,疐,tej3,dai3,di4,di4
x,橉,lin2,leon4,lin2,lin4
o,阬,khæng1,haang1,keng1,keng1
o,譒,pwa3,bo3,bo4,bo4
o,賴,laj3,laai6,lai4,lai4
o,儔,drjuw1,cau4,chou2,chou2
o,鋼,kang1,gong3,gang1,gang1
o,䊷,tsri1,zi1,zi1,zi1
o,摯,tsyij3,zi3,zhi4,zhi4
o,射,yek4,jik6,yi4,yi4
x,虪,syuwk4,suk1,shu1,shu4
o,琚,kjo1,geoi1,ju1,ju1
o,坲,bjut4,fat6,fo2,fo2
o,桹,lang1,long4,lang2,lang2
o,燘,xwoj2,mui5,mei3,mei3
o,禔,tsye1,tai4,ti2,ti2
o,奐,xwan3,wun6,huan4,huan4
o,垂,dzywe1,seoi4,chui2,chui2
o,尚,dzyang3,soeng6,shang4,shang4
x,宁,drjo1,cyu5,chu4,zhu4
x,錎,khom2,haam6,kan4,ke1
o,炅,kweng2,gwing2,jiong3,jiong3
o,襮,powk4,bok3,bo2,bo2
o,仉,tsyang2,zoeng2,zhang3,zhang3
o,殉,zwin3,seon1,xun4,xun4
o,琢,træwk4,doek3,zhuo2,zhuo2
o,僑,gjew1,kiu4,qiao2,qiao2
o,釦,khuw2,kau3,kou4,kou4
o,郪,tshij1,cai1,qi1,qi1
o,抖,tuw2,dau2,dou3,dou3
o,蹛,drjej3,zai6,zhi4,zhi4
o,鸏,muwng1,mung4,meng2,meng2
x,隻,tsyek4,zek3,zhi2,zhi1
o,鮓,tsræ2,zaa2,zha3,zha3
o,狡,kæw2,gaau2,jiao3,jiao3
x,傖,dzræng1,caang4,cheng2,cang1
o,漊,lju2,lau4,lou2,lou2
o,蠣,ljej3,lai6,li4,li4
x,晛,hen2,jin5,xian3,xian4
o,墆,det4,zai6,zhi4,zhi4
o,趎,drju1,syu4,chu2,chu2
o,谷,yowk4,juk6,yu4,yu4
x,棒,bæwng2,paang5,peng4,bang4
o,敁,tem1,dim1,dian1,dian1
o,鮦,duwng1,tung4,tong2,tong2
x,會,hwaj3,wui6,huai4,hui4
x,屬,tsyowk4,zuk1,zhu2,zhu3
x,巋,khwij1,kwai1,kui4,kui1
o,鞃,hwong1,wang4,hong2,hong2
o,濧,dwoj3,deoi6,dui4,dui4
o,尖,tsjem1,zim1,jian1,jian1
o,隰,zip4,zaap6,xi2,xi2
x,沘,bij1,bei2,pi3,bi3
o,楎,xjwɨj1,fai1,hui1,hui1
x,赫,xæk4,haak1,xe1,he4
o,胸,xjowng1,hung1,xiong1,xiong1
o,滻,srɛn2,caan2,chan3,chan3
o,栔,khej3,kai3,qi4,qi4
o,姎,ʔang1,joeng1,yang1,yang1
o,樊,bjwon1,faan4,fan2,fan2
x,炔,kwej3,gai3,ji4,gui4
o,湊,tshuw3,cau3,cou4,cou4
o,花,xwæ1,faa1,hua1,hua1
o,糷,lan3,laan4,lan2,lan2
o,傎,ten1,din1,dian1,dian1
o,煥,xwan3,wun6,huan4,huan4
x,鍱,yep4,dip6,die2,ye4
o,哤,mæwng1,mong4,mang2,mang2
o,于,hju1,jyu4,yu2,yu2
o,扈,hu2,wu6,hu4,hu4
x,䀠,kju1,keoi4,qu1,ju4
o,殿,den3,din6,dian4,dian4
x,索,sak4,sok3,suo4,suo3
o,麴,khjuwk4,kuk1,qu1,qu1
o,䫔,khej3,hai6,xi4,xi4
o,竭,gjot4,kit3,jie2,jie2
x,躠,sat4,sit3,se4,sa3
o,瓦,ngwæ3,ngaa6,wa4,wa4
o,幢,dræwng1,cong4,chuang2,chuang2
o,姴,ljet4,lit6,lie4,lie4
o,珪,kwej1,gwai1,gui1,gui1
o,䴇,leng1,ling4,ling2,ling2
o,八,pɛt4,baat3,ba1,ba1
o,當,tang3,dong3,dang4,dang4
x,澼,phek4,pik1,pi1,pi4
x,切,tshej3,cai3,qi4,qie4
o,憷,tshrjo2,co2,chu3,chu3
o,易,yek4,jik6,yi4,yi4
o,聾,luwng1,lung4,long2,long2
x,衈,nyi3,ji6,er4,er3
o,旝,kwaj3,kui2,kuai4,kuai4
x,啌,xæwng1,hong1,hang1,xiang1
x,匌,kop4,hap6,ha2,ge2
x,魗,dzyuw1,cau2,chou1,chou3
o,壼,khwon2,kwan2,kun3,kun3
o,右,hjuw3,jau6,you4,you4
o,大,daj3,daai6,dai4,dai4
o,昂,ngang1,ngong4,ang2,ang2
o,板,pæn2,baan2,ban3,ban3
x,敫,kew3,giu3,jiao4,jiao3
o,縹,phjew2,piu5,piao3,piao3
o,泄,yej3,jai6,yi4,yi4
o,枹,bjuw1,fu1,fu2,fu2
o,煌,hwang1,wong4,huang2,huang2
x,噦,ʔjwot4,jyut6,yue4,yue1
o,繒,dzing1,zang1,zeng1,zeng1
x,矐,xak4,hok3,he4,huo4
x,慟,duwng3,dung6,dong4,tong4
o,迵,duwng3,dung6,dong4,dong4
o,鈷,ku2,gu2,gu3,gu3
o,緣,ywen1,jyun4,yuan2,yuan2
o,漙,dwan1,tyun4,tuan2,tuan2
x,柱,drju2,cyu5,chu4,zhu4
x,叀,dzywen3,zyun1,zhuan1,hui4
o,䙡,khwij3,kui2,kui4,kui4
x,婹,ʔew2,jiu2,you4,yao3
o,太,thaj3,taai3,tai4,tai4
o,足,tsjowk4,zuk1,zu2,zu2
x,筠,hjin1,wan4,jyun2,yun2
o,餐,tshan1,caan1,can1,can1
o,䲰,hjun3,wan6,yun4,yun4
o,過,kwa1,gwo3,guo4,guo4
o,儯,dong1,tang4,teng2,teng2
x,媐,yi1,hei1,yi1,yi2
o,湘,sjang1,soeng1,xiang1,xiang1
